,1_Player,3_Pos,Performance_Gls
0,Patrick van Aanholt,DF,0
1,Tammy Abraham,FW,6
2,Che Adams,FW,9
3,Tosin Adarabioyo,DF,0
4,Adrián,GK,0
5,Sergio Agüero,"FW,MF",4
6,Ola Aina,DF,2
7,Rayan Aït Nouri,DF,1
8,Semi Ajayi,DF,2
9,Nathan Aké,DF,1
10,Marc Albrighton,"DF,FW",1
11,Thiago Alcántara,MF,1
12,Toby Alderweireld,DF,1
13,Rúnar Alex Rúnarsson,GK,0
14,Trent Alexander-Arnold,DF,2
15,Ezgjan Alioski,DF,2
16,Alisson,GK,1
17,Allan,MF,0
18,Dele Alli,MF,0
19,Miguel Almirón,"MF,FW",4
20,Marcos Alonso,DF,2
21,Steven Alzate,"MF,DF",1
22,Daniel Amartey,DF,1
23,Ethan Ampadu,"DF,MF",0
24,Joachim Andersen,DF,1
25,Player,Pos,Gls
26,Elliot Anderson,MF,0
27,Felipe Anderson,"FW,MF",0
28,Michail Antonio,FW,10
29,Alphonse Areola,GK,0
30,Stuart Armstrong,MF,4
31,Kepa Arrizabalaga,GK,0
32,Pierre-Emerick Aubameyang,FW,10
33,Serge Aurier,DF,2
34,Charlie Austin,FW,0
35,Jordan Ayew,"FW,MF",1
36,Luke Ayling,DF,0
37,César Azpilicueta,DF,1
38,Eric Bailly,DF,0
39,Fabián Balbuena,DF,1
40,George Baldock,DF,0
41,Gareth Bale,FW,11
42,Patrick Bamford,FW,17
43,Phil Bardsley,DF,0
44,Ross Barkley,MF,3
45,Ross Barkley,MF,0
46,Ashley Barnes,FW,3
47,Harvey Barnes,"FW,MF",9
48,Kyle Bartley,DF,3
49,Chris Basham,"DF,MF",0
50,Michy Batshuayi,FW,2
51,Player,Pos,Gls
52,Jan Bednarek,DF,1
53,Donny van de Beek,"MF,FW",1
54,Héctor Bellerín,DF,1
55,Saïd Benrahma,"FW,MF",1
56,Josh Benson,MF,0
57,Christian Benteke,FW,10
58,Gaetano Berardi,DF,0
59,Jóhann Berg Guðmundsson,MF,2
60,Sander Berge,MF,1
61,Steven Bergwijn,"FW,MF",1
62,Bernard,"MF,FW",1
63,Bernardo,"DF,MF",0
64,Ryan Bertrand,DF,0
65,Yves Bissouma,MF,1
66,Jayden Bogle,DF,2
67,Willy Boly,DF,1
68,Jarrod Bowen,"FW,MF",8
69,Robbie Brady,MF,1
70,Rhian Brewster,FW,0
71,Nathan Broadhead,MF,0
72,Josh Brownhill,MF,0
73,Joe Bryan,"DF,FW",1
74,Kean Bryan,DF,1
75,Oliver Burke,FW,1
76,Dan Burn,DF,1
77,Player,Pos,Gls
78,Jack Butland,GK,0
79,David Button,GK,0
80,Oskar Buur,DF,0
81,Willy Caballero,GK,0
82,Gary Cahill,DF,1
83,Tom Cairney,MF,1
84,Dominic Calvert-Lewin,FW,16
85,João Cancelo,DF,2
86,Ian Carlo Poveda,"MF,DF",0
87,Andy Carroll,FW,1
88,Scott Carson,GK,0
89,Fabio Carvalho,"MF,FW",1
90,Matty Cash,DF,0
91,Kiko Casilla,GK,0
92,Timothy Castagne,DF,2
93,Jonny Castro,DF,0
94,Ivan Cavaleiro,"FW,MF",3
95,Edinson Cavani,FW,10
96,Dani Ceballos,MF,0
97,Calum Chambers,DF,0
98,Ben Chilwell,DF,3
99,Hamza Choudhury,MF,0
100,Andreas Christensen,DF,0
101,Carney Chukwuemeka,"FW,MF",0
102,Ciaran Clark,DF,1
103,Player,Pos,Gls
104,Nathaniel Clyne,DF,0
105,Conor Coady,DF,1
106,Séamus Coleman,"DF,MF",0
107,Aaron Connolly,FW,2
108,Liam Cooper,DF,1
109,Theo Corbeanu,FW,0
110,Jack Cork,MF,0
111,Hélder Costa,"MF,FW",3
112,Vladimír Coufal,DF,0
113,Aaron Cresswell,DF,0
114,Patrick Cutrone,FW,0
115,Stuart Dallas,"DF,MF",8
116,Scott Dann,DF,1
117,Karl Darlow,GK,0
118,Ben Davies,DF,0
119,Tom Davies,MF,0
120,Keinan Davis,"FW,MF",1
121,Leif Davis,DF,0
122,Craig Dawson,DF,3
123,Kevin De Bruyne,MF,6
124,Liam Delap,FW,0
125,Fabian Delph,"MF,DF",0
126,Leander Dendoncker,"MF,DF",1
127,Mbaye Diagne,FW,3
128,Amad Diallo,FW,0
129,Player,Pos,Gls
130,Ibrahima Diallo,MF,0
131,Grady Diangana,"MF,FW",1
132,Raphael Dias Belloli,MF,6
133,Rúben Dias,DF,1
134,Eric Dier,DF,0
135,Lucas Digne,DF,0
136,Virgil van Dijk,DF,1
137,Issa Diop,DF,2
138,Moussa Djenepo,MF,1
139,Matt Doherty,DF,0
140,Gabriel Dos Santos,DF,2
141,Abdoulaye Doucouré,MF,2
142,Martin Dúbravka,GK,0
143,Paul Dummett,DF,1
144,Lewis Dunk,DF,5
145,Jimmy Dunne,DF,1
146,Ederson,GK,0
147,Kyle Edwards,"MF,FW",0
148,John Egan,DF,0
149,Anthony Elanga,FW,1
150,Ahmed Elmohamady,DF,0
151,Mohamed Elneny,MF,1
152,Jonny Evans,DF,2
153,Eberechi Eze,MF,4
154,Łukasz Fabiański,GK,0
155,Player,Pos,Gls
156,Fabinho,"DF,MF",0
157,Bruno Fernandes,MF,18
158,Federico Fernández,DF,0
159,Fernandinho,MF,0
160,Sam Field,MF,0
161,Roberto Firmino,FW,9
162,John Fleck,MF,0
163,Phil Foden,"FW,MF",9
164,Wesley Fofana,DF,0
165,Pablo Fornals,"FW,MF",5
166,Fraser Forster,GK,0
167,Timothy Fosu-Mensah,DF,0
168,Tyrese Francois,DF,0
169,Ryan Fraser,"FW,MF",0
170,Fred,MF,1
171,Ryan Fredericks,"DF,FW",1
172,Christian Fuchs,DF,0
173,Darnell Furlong,DF,1
174,Conor Gallagher,MF,2
175,Eric García,DF,0
176,Dwight Gayle,"FW,MF",1
177,Jean-Philippe Gbamin,MF,0
178,David de Gea,GK,0
179,Anwar El Ghazi,FW,10
180,Kieran Gibbs,DF,0
181,Player,Pos,Gls
182,Morgan Gibbs-White,"MF,FW",1
183,Billy Gilmour,MF,0
184,Olivier Giroud,FW,4
185,Ben Godfrey,DF,0
186,André Gomes,MF,0
187,Joe Gomez,DF,0
188,Anthony Gordon,"FW,MF",0
189,Karlan Grant,"FW,MF",1
190,Demarai Gray,FW,0
191,Jack Grealish,"FW,MF",6
192,Mason Greenwood,FW,7
193,Pascal Groß,"MF,DF",3
194,Kamil Grosicki,"FW,MF",0
195,Vicente Guaita,GK,0
196,İlkay Gündoğan,MF,13
197,Antwoine Hackford,"FW,DF",0
198,Sébastien Haller,FW,3
199,Rekeem Harper,MF,0
200,Jack Harrison,MF,8
201,Kortney Hause,DF,1
202,Kai Havertz,"MF,FW",4
203,Isaac Hayden,"MF,DF",0
204,Michael Hector,DF,0
205,Ahmed Hegazi,DF,0
206,Dean Henderson,GK,0
207,Player,Pos,Gls
208,Jordan Henderson,"MF,DF",1
209,Jeff Hendrick,MF,2
210,Pablo Hernández,"MF,FW",0
211,Son Heung-min,FW,17
212,Ki-Jana Hoever,DF,0
213,Rob Holding,DF,0
214,Mason Holgate,DF,1
215,Conor Hourihane,MF,1
216,Callum Hudson-Odoi,"FW,DF",2
217,Niall Huggins,DF,0
218,Pierre Højbjerg,MF,2
219,Odion Ighalo,FW,0
220,Kelechi Iheanacho,FW,12
221,Danny Ings,FW,12
222,Branislav Ivanović,DF,0
223,Alex Iwobi,"FW,DF",1
224,José Izquierdo,DF,0
225,Phil Jagielka,DF,0
226,Alireza Jahanbakhsh,"FW,MF",0
227,Daniel James,FW,3
228,Reece James,DF,1
229,Alexandre Jankewitz,MF,0
230,Daniel Jebbison,FW,1
231,Gabriel Jesus,FW,9
232,Raúl Jiménez,FW,4
233,Player,Pos,Gls
234,Joelinton,"FW,MF",4
235,Ben Johnson,DF,1
236,Sam Johnstone,GK,0
237,Curtis Jones,MF,1
238,Jorginho,MF,7
239,Willian José,FW,1
240,Diogo Jota,FW,9
241,James Justin,DF,2
242,Ozan Kabak,DF,0
243,Aboubakar Kamara,"FW,DF",0
244,Harry Kane,FW,23
245,N'Golo Kanté,MF,0
246,Moise Kean,FW,0
247,Michael Keane,DF,3
248,Neeskens Kebano,"FW,MF",0
249,Naby Keïta,MF,0
250,Caoimhín Kelleher,GK,0
251,Martin Kelly,DF,0
252,Jonjoe Kenny,"DF,FW",0
253,Reda Khadra,FW,0
254,Max Kilman,DF,0
255,Joshua King,"MF,FW",0
256,Mateusz Klich,MF,4
257,Robin Koch,"DF,MF",0
258,Sead Kolašinac,DF,0
259,Player,Pos,Gls
260,Terence Kongolo,DF,0
261,Ezri Konsa,DF,2
262,Cheikhou Kouyaté,DF,1
263,Mateo Kovačić,MF,0
264,Emil Krafth,DF,1
265,Filip Krovinović,MF,0
266,Alexandre Lacazette,FW,13
267,Adam Lallana,"MF,FW",1
268,Érik Lamela,"FW,MF",1
269,Tariq Lamptey,DF,1
270,Manuel Lanzini,"MF,FW",1
271,Aymeric Laporte,DF,0
272,Jamaal Lascelles,DF,2
273,Maxime Le Marchand,DF,0
274,Mario Lemina,MF,1
275,Bernd Leno,GK,0
276,Khanya Leshabela,MF,0
277,Jamal Lewis,DF,0
278,Victor Lindelöf,DF,1
279,Jesse Lingard,"MF,FW",9
280,Jake Livermore,MF,0
281,Diego Llorente,DF,1
282,Hugo Lloris,GK,0
283,Giovani Lo Celso,MF,1
284,Ruben Loftus-Cheek,"MF,FW",1
285,Player,Pos,Gls
286,Ruben Loftus-Cheek,FW,0
287,Kevin Long,DF,0
288,Shane Long,FW,0
289,Matthew Longstaff,MF,0
290,Sean Longstaff,MF,0
291,Ademola Lookman,"FW,MF",4
292,Max Lowe,DF,0
293,Matthew Lowton,DF,1
294,David Luiz,DF,1
295,Douglas Luiz,MF,0
296,John Lundstram,MF,0
297,Alexis Mac Allister,"MF,FW",1
298,James Maddison,"MF,FW",8
299,Harry Maguire,DF,2
300,Riyad Mahrez,FW,9
301,Ainsley Maitland-Niles,MF,0
302,Ainsley Maitland-Niles,DF,0
303,Josh Maja,"FW,MF",3
304,Sadio Mané,FW,11
305,Javier Manquillo,DF,0
306,Fernando Marçal,DF,0
307,Solly March,DF,2
308,Pablo Marí,DF,0
309,Anthony Martial,FW,4
310,Martinelli,FW,2
311,Player,Pos,Gls
312,Emiliano Martínez,GK,0
313,Arthur Masuaku,"DF,FW",0
314,Juan Mata,"FW,MF",1
315,Jean-Philippe Mateta,FW,1
316,Nemanja Matić,MF,0
317,Joël Matip,DF,1
318,Neal Maupay,"FW,MF",8
319,James McArthur,MF,0
320,Oliver McBurnie,FW,1
321,Alex McCarthy,GK,0
322,James McCarthy,MF,0
323,John McGinn,MF,3
324,David McGoldrick,"FW,MF",8
325,Dwight McNeil,MF,2
326,Scott McTominay,MF,4
327,Ben Mee,DF,2
328,Hannibal Mejbri,MF,0
329,Benjamin Mendy,DF,2
330,Edouard Mendy,GK,0
331,Nampalys Mendy,MF,0
332,Illan Meslier,GK,0
333,Luka Milivojević,MF,1
334,James Milner,"MF,DF",0
335,Yerry Mina,DF,2
336,Takumi Minamino,"MF,FW",1
337,Player,Pos,Gls
338,Takumi Minamino,"MF,FW",2
339,Tyrone Mings,DF,2
340,Tyrick Mitchell,DF,1
341,Aleksandar Mitrović,FW,3
342,Jakub Moder,"DF,MF",0
343,Jayson Molumby,MF,0
344,Wesley Moraes,"MF,FW",0
345,Wes Morgan,DF,0
346,Mason Mount,"MF,FW",6
347,Lucas Moura,"FW,MF",3
348,Lys Mousset,"FW,MF",0
349,João Moutinho,MF,1
350,Joel Mumbongo,FW,0
351,Jacob Murphy,"DF,MF",2
352,Shkodran Mustafi,DF,0
353,Marvelous Nakamba,MF,0
354,Iliman Ndiaye,MF,0
355,Wilfred Ndidi,"MF,DF",1
356,Tanguy Ndombele,MF,3
357,Reiss Nelson,FW,0
358,Pedro Neto,"FW,MF",5
359,Rúben Neves,MF,5
360,Eddie Nketiah,FW,2
361,Niels Nkounkou,"DF,FW",0
362,Dan Nlundulu,FW,0
363,Player,Pos,Gls
364,Mark Noble,MF,0
365,Will Norris,GK,0
366,Oliver Norwood,MF,0
367,Jack O'Connell,DF,0
368,Dara O'Shea,DF,0
369,Michael Obafemi,FW,0
370,Denis Odoi,DF,0
371,Angelo Ogbonna,DF,3
372,Robin Olsen,GK,0
373,Josh Onomah,MF,0
374,Divock Origi,FW,0
375,Ben Osborn,"MF,DF",1
376,Owen Otasowie,"MF,FW",0
377,Alex Oxlade-Chamberlain,"FW,MF",1
378,Emerson Palmieri,DF,0
379,Thomas Partey,MF,0
380,Rui Patrício,GK,0
381,Bailey Peacock-Farrell,GK,0
382,Lee Peltier,DF,0
383,Nicolas Pépé,FW,10
384,Matheus Pereira,"MF,FW",11
385,Ricardo Pereira,DF,0
386,Ayoze Pérez,"MF,FW",2
387,Kalvin Phillips,MF,1
388,Matt Phillips,"MF,FW",2
389,Player,Pos,Gls
390,Nathaniel Phillips,DF,1
391,Jaden Philogene Bidace,FW,0
392,Jordan Pickford,GK,0
393,Erik Pieters,"DF,MF",0
394,Daniel Podence,"MF,FW",3
395,Paul Pogba,"MF,FW",3
396,Nick Pope,GK,0
397,Dennis Praet,"MF,FW",1
398,Davy Pröpper,MF,0
399,Christian Pulisic,"FW,MF",4
400,Aaron Ramsdale,GK,0
401,Jacob Ramsey,"MF,FW",0
402,Kayne Ramsey,DF,0
403,Darren Randolph,GK,0
404,Marcus Rashford,FW,11
405,Tim Ream,DF,0
406,Nathan Redmond,"MF,FW",2
407,Harrison Reed,MF,0
408,Sergio Reguilón,DF,0
409,Bobby Reid,"MF,DF",5
410,Declan Rice,MF,2
411,Lewis Richardson,"FW,MF",0
412,Richarlison,FW,7
413,Jaïro Riedewald,MF,2
414,Matt Ritchie,"DF,MF",0
415,Player,Pos,Gls
416,Tyler Roberts,"MF,FW",1
417,Andrew Robertson,DF,1
418,Antonee Robinson,DF,0
419,Callum Robinson,"FW,MF",5
420,Jack Robinson,DF,0
421,Hal Robson-Kanu,"FW,MF",2
422,Marek Rodák,GK,0
423,Joe Rodon,DF,0
424,Rodri,MF,2
425,Rodrigo,"MF,FW",7
426,James Rodríguez,"FW,MF",6
427,Jay Rodriguez,"FW,MF",1
428,Oriol Romeu,MF,1
429,John Ruddy,GK,0
430,Antonio Rüdiger,DF,1
431,Mathew Ryan,GK,0
432,Mathew Ryan,GK,0
433,Allan Saint-Maximin,"FW,MF",3
434,Romain Saïss,DF,3
435,Bukayo Saka,"FW,DF",5
436,Mamadou Sakho,DF,0
437,Mohamed Salah,FW,22
438,Mohammed Salisu,DF,0
439,Davinson Sánchez,DF,0
440,Robert Sánchez,GK,0
441,Player,Pos,Gls
442,Morgan Sanson,MF,0
443,Romaine Sawyers,MF,0
444,Dane Scarlett,FW,0
445,Fabian Schär,DF,1
446,Jeffrey Schlupp,MF,2
447,Kasper Schmeichel,GK,0
448,Nélson Semedo,DF,1
449,Femi Seriki,DF,0
450,Jamie Shackleton,"MF,DF",0
451,Xherdan Shaqiri,"MF,FW",0
452,Billy Sharp,FW,3
453,Luke Shaw,DF,1
454,Jonjo Shelvey,MF,1
455,Shola Shoretire,FW,0
456,Gylfi Sigurðsson,MF,6
457,Bernardo Silva,"MF,FW",2
458,Fábio Silva,FW,4
459,Thiago Silva,DF,2
460,Moussa Sissoko,MF,0
461,Islam Slimani,FW,0
462,William Smallbone,MF,0
463,Emile Smith Rowe,"MF,FW",2
464,Robert Snodgrass,"FW,DF",0
465,Robert Snodgrass,"MF,FW",0
466,Cédric Soares,DF,0
467,Player,Pos,Gls
468,Tomáš Souček,MF,10
469,Çağlar Söyüncü,DF,1
470,Zack Steffen,GK,0
471,Dale Stephens,MF,0
472,Jack Stephens,DF,0
473,Raheem Sterling,FW,10
474,Enda Stevens,DF,0
475,John Stones,DF,4
476,Pascal Struijk,"DF,MF",1
477,Japhet Tanganga,DF,0
478,Matt Targett,DF,0
479,James Tarkowski,DF,1
480,Percy Tau,"FW,MF",0
481,Sidnei Tavares,MF,0
482,Charlie Taylor,DF,0
483,Neil Taylor,DF,0
484,Allan Tchaptchet,DF,0
485,Nathan Tella,"FW,MF",1
486,Alex Telles,DF,0
487,Kenny Tete,DF,0
488,William Thomas Fish,DF,0
489,Luke Thomas,DF,1
490,Youri Tielemans,MF,6
491,Kieran Tierney,DF,1
492,James Tomkins,DF,0
493,Player,Pos,Gls
494,Fikayo Tomori,DF,0
495,Ferrán Torres,"FW,MF",7
496,Cenk Tosun,FW,0
497,Andros Townsend,"MF,FW",1
498,Conor Townsend,DF,0
499,Adama Traoré,FW,2
500,Bertrand Traoré,FW,7
501,Trézéguet,FW,2
502,Leandro Trossard,"FW,MF",5
503,Kostas Tsimikas,"DF,FW",0
504,Axel Tuanzebe,DF,0
505,Cengiz Ünder,"MF,FW",0
506,Yan Valery,"DF,MF",0
507,Jamie Vardy,FW,15
508,Joël Veltman,DF,1
509,Jannik Vestergaard,DF,3
510,Rúben Vinagre,DF,0
511,Carlos Vinícius,FW,1
512,João Virgínia,GK,0
513,Vitinha,MF,0
514,Jake Vokins,DF,0
515,Matěj Vydra,FW,3
516,Theo Walcott,"MF,FW",3
517,Theo Walcott,FW,0
518,Kyle Walker,DF,1
519,Player,Pos,Gls
520,Kyle Walker-Peters,DF,0
521,Aaron Wan-Bissaka,DF,2
522,Joel Ward,DF,0
523,James Ward-Prowse,MF,8
524,Ollie Watkins,FW,14
525,Caleb Watts,"MF,FW",0
526,Adam Webster,DF,1
527,Danny Welbeck,FW,6
528,Timo Werner,FW,6
529,Ashley Westwood,MF,3
530,Ben White,"DF,MF",0
531,Georginio Wijnaldum,MF,2
532,Brandon Williams,DF,0
533,Neco Williams,DF,0
534,Rhys Williams,DF,0
535,Willian,"FW,MF",1
536,Joe Willock,MF,0
537,Joe Willock,MF,8
538,Callum Wilson,FW,12
539,Harry Winks,MF,0
540,Chris Wood,FW,12
541,Granit Xhaka,"MF,DF",1
542,Andriy Yarmolenko,"FW,MF",0
543,DeAndre Yedlin,DF,0
544,Okay Yokuşlu,MF,0
545,Player,Pos,Gls
546,Wilfried Zaha,FW,11
547,Andre-Frank Zambo Anguissa,MF,0
548,Andi Zeqiri,"FW,DF",0
549,Oleksandr Zinchenko,DF,0
550,Hakim Ziyech,"FW,MF",2
551,Kurt Zouma,DF,5
552,Martin Ødegaard,MF,1
0,Ismael Aaneba,"FW,DF",0
1,Yunis Abdelhamid,DF,3
2,Mehdi Abeid,MF,0
3,Laurent Abergel,MF,3
4,Charles Abi,"FW,MF",3
5,Matthis Abline,FW,0
6,Pape Abou Cisse,DF,0
7,Yacine Adli,MF,2
8,Nayef Aguerd,DF,3
9,Ruben Aguilar,"DF,FW",1
10,Matteo Ahlinvi,MF,2
11,Jean-Eudes Aholou,MF,2
12,Jean-Eudes Aholou,MF,0
13,Rayan Aït Nouri,DF,0
14,Ludovic Ajorque,FW,16
15,Marley Aké,FW,0
16,Sofiane Alakouch,DF,0
17,Mohamed Ali Cho,"FW,MF",0
18,Rachid Alioui,FW,0
19,Saturnin Allagbé,GK,0
20,Ibrahim Amadou,MF,0
21,Romain Amalfitano,"FW,DF",0
22,Jordan Amavi,DF,1
23,Thierry Ambrose,FW,0
24,Joachim Andersen,DF,0
25,Player,Pos,Gls
26,Benjamin André,MF,0
27,Victorien Angban,MF,0
28,Houssem Aouar,"MF,FW",7
29,Adil Aouchiche,"MF,FW",2
30,Dennis Appiah,DF,0
31,Luiz Araújo,MF,4
32,Karim Aribi,FW,0
33,Roger Assalé,"FW,MF",1
34,Youcef Atal,"DF,MF",1
35,Jean-Kévin Augustin,FW,0
36,Ludovic Baal,"DF,MF",0
37,Loïc Bade,DF,0
38,Benoît Badiashile,DF,2
39,Stéphane Bahoken,FW,6
40,Stefan Bajic,GK,0
41,Mitchel Bakker,DF,0
42,Dilane Bakwa,"FW,MF",0
43,Leonardo Balerdi,DF,2
44,Fodé Ballo-Touré,DF,0
45,Abdoulaye Bamba,DF,0
46,Jonathan Bamba,MF,6
47,Robson Bambu,DF,0
48,Simon Banza,FW,5
49,Danilo Barbosa,DF,0
50,Melvin Bard,DF,0
51,Player,Pos,Gls
52,Toma Bašić,MF,4
53,Cristian Battocchio,"MF,FW",0
54,Paul Baysse,DF,2
55,Erwan Belhadji,MF,0
56,Haris Belkebla,MF,0
57,Jean-Ricner Bellegarde,"MF,FW",1
58,Sami Ben Amar,MF,0
59,Hatem Ben Arfa,"MF,FW",2
60,Salim Ben Seghir,DF,0
61,Wissam Ben Yedder,FW,20
62,Samy Benchamma,"MF,DF",0
63,Darío Benedetto,FW,5
64,Walter Benítez,GK,0
65,Loris Benito,DF,0
66,Bilal Benkhedim,FW,0
67,Djamel Benlamri,DF,0
68,Yassine Benrahou,MF,0
69,Yassine Benzia,"MF,FW",2
70,Valon Berisha,MF,0
71,Paul Bernardoni,GK,0
72,Juan Bernat,DF,0
73,Dimitry Bertaud,GK,0
74,Loïc Bessile,DF,0
75,Giulian Biancone,"DF,MF",0
76,El Bilal Touré,"FW,MF",4
77,Player,Pos,Gls
78,Ludovic Blas,"MF,FW",10
79,Antonin Bobichon,"MF,FW",0
80,Sacha Boey,DF,0
81,Sacha Boey,DF,0
82,Quentin Boisgard,"MF,FW",2
83,Sven Botman,DF,0
84,Denis Bouanga,"MF,FW",7
85,Hicham Boudaoui,"MF,FW",3
86,Ryad Boudebouz,"MF,FW",0
87,Sofiane Boufal,"FW,MF",1
88,Farid Boulaya,"MF,FW",6
89,Ismaëlben Boura,DF,0
90,Benjamin Bourigeaud,"MF,FW",6
91,John Boye,DF,1
92,Umut Bozok,"FW,MF",0
93,Domagoj Bradarić,DF,1
94,Lilian Brassier,DF,1
95,Anthony Briançon,DF,0
96,Jimmy Briand,FW,1
97,Dylan Bronn,DF,2
98,Lucas Buadés,MF,0
99,Patrick Burner,DF,0
100,Patrick Burner,DF,0
101,Marcin Bułka,GK,0
102,Jimmy Cabot,"FW,MF",1
103,Player,Pos,Gls
104,Anthony Caci,DF,0
105,Mathieu Cafaro,"MF,FW",4
106,Yannick Cahuzac,MF,1
107,Marc-Aurèle Caillard,GK,0
108,Duje Ćaleta-Car,DF,2
109,Mahdi Camara,"MF,DF",3
110,Eduardo Camavinga,MF,1
111,Pierrick Capelle,"MF,DF",3
112,Maxence Caqueret,MF,0
113,Irvin Cardona,"FW,MF",7
114,Lionel Carole,DF,0
115,Moreto Cassamã,MF,1
116,Jean-Charles Castelletto,DF,1
117,Zeki Çelik,DF,3
118,Bersant Celina,"MF,FW",0
119,Fabien Centonze,DF,1
120,Nassim Chadli,"FW,MF",0
121,Fouad Chafik,DF,1
122,Mehdi Chahiri,"FW,MF",2
123,Aníbal Chalá,DF,0
124,Trevoh Chalobah,"DF,MF",2
125,Gaëtan Charbonnier,"MF,FW",6
126,Brendan Chardonnet,DF,3
127,Xavier Chavalerin,MF,0
128,Pape Cheikh Diop,MF,0
129,Player,Pos,Gls
130,Rayan Cherki,"FW,MF",1
131,Pedro Chirivella,MF,0
132,Joris Chotard,MF,0
133,Mounir Chouiar,"FW,MF",0
134,Sébastien Cibois,GK,0
135,Alexis Claude-Maurice,"MF,FW",4
136,Jonathan Clauss,DF,3
137,Marcus Coco,"MF,FW",0
138,Racine Coly,DF,0
139,Daniel Congré,DF,2
140,Sébastien Corchia,DF,0
141,Maxwel Cornet,"DF,FW",2
142,David Pereira da Costa,"MF,FW",1
143,Charles Costes,MF,0
144,Benoît Costil,GK,0
145,Kalifa Coulibaly,FW,3
146,Lassana Coulibaly,"MF,FW",1
147,Senou Coulibaly,DF,2
148,Nicolas Cozza,DF,0
149,Adrián Cubas,MF,1
150,Mickaël Cuisance,MF,2
151,Damien Da Silva,DF,4
152,Colin Dagba,DF,1
153,Flavius Daniliuc,DF,1
154,Dante,DF,2
155,Player,Pos,Gls
156,Jonathan David,FW,13
157,Mattia De Sciglio,DF,0
158,Thibault De Smet,DF,0
159,Lucas Deaux,"MF,DF",1
160,Mathieu Debuchy,DF,2
161,Romain Del Castillo,"MF,FW",0
162,Thomas Delaine,DF,3
163,Jonathan Delaplace,DF,0
164,Sacha Delaye,MF,0
165,Andy Delort,FW,15
166,Moussa Dembélé,FW,1
167,Jason Denayer,DF,1
168,Kevin Denkey,FW,1
169,Memphis Depay,FW,20
170,Clément Depres,MF,0
171,Ángel Di María,"FW,MF",5
172,Boulaye Dia,"FW,MF",14
173,Abdou Diallo,DF,0
174,Habib Diallo,FW,0
175,Habib Diallo,FW,9
176,Ibrahima Diallo,MF,0
177,Stéphane Diarra,"FW,MF",0
178,Raphael Dias Belloli,"FW,MF",1
179,Krepin Diatta,"MF,DF",1
180,Bamba Dieng,"FW,DF",0
181,Player,Pos,Gls
182,Junior Dina Ebimbe,"FW,MF",1
183,Tristan Dingomé,MF,0
184,Sinaly Diomande,DF,0
185,Lois Diony,FW,5
186,Sofiane Diop,"MF,FW",7
187,Andy Diouf,FW,0
188,Yehvann Diouf,GK,0
189,Assane Dioussé,DF,0
190,Axel Disasi,DF,3
191,Tiago Djaló,DF,0
192,Alexander Djiku,"DF,MF",0
193,Mihai Dobre,"FW,MF",0
194,Jeremy Doku,"MF,FW",2
195,Kasper Dolberg,FW,6
196,Keagan Dolly,MF,0
197,Anastasios Donis,MF,0
198,Lucas Douath,MF,0
199,Cheick Doucouré,MF,2
200,Fodé Doucouré,DF,0
201,Mahamadou Doucouré,FW,0
202,Moussa Doumbia,"MF,FW",0
203,Souleyman Doumbia,DF,0
204,Mouhamadou Drammeh,MF,0
205,Julian Draxler,"MF,FW",4
206,Matthieu Dreyer,GK,0
207,Player,Pos,Gls
208,Leo Dubois,DF,2
209,Haris Duljević,"MF,FW",0
210,Jean-Kevin Duverne,DF,1
211,Enzo Ebosse,DF,0
212,Bruno Ecuele Manga,DF,2
213,Hugo Ekitike,"MF,FW",0
214,Niclas Eliasson,"MF,FW",4
215,Sepe Elye Wahi,FW,3
216,Renaud Emond,"FW,MF",2
217,Yoann Etienne,DF,0
218,Fábio,DF,0
219,Cesc Fàbregas,MF,2
220,Bandiougou Fadiga,MF,0
221,Bandiougou Fadiga,"FW,MF",0
222,Wout Faes,DF,1
223,Romain Faivre,"MF,FW",6
224,Wuilker Faríñez,GK,0
225,Noah Fatar,"FW,MF",0
226,Julien Faussurier,DF,0
227,Zinedine Ferhat,"FW,MF",6
228,Jordan Ferri,MF,0
229,Alexis Flips,MF,1
230,Alessandro Florenzi,DF,2
231,Mamadou Fofana,"MF,DF",0
232,Seko Fofana,MF,2
233,Player,Pos,Gls
234,Wesley Fofana,DF,0
235,Youssouf Fofana,MF,0
236,Thomas Foket,DF,0
237,Lamine Fomba,MF,1
238,Thomas Fontaine,DF,0
239,José Fonte,DF,3
240,Steven Fortes,DF,0
241,Yassin Fortune,FW,0
242,Angelo Fulgini,MF,7
243,Baptiste Gabard,MF,0
244,Idrissa Gana Gueye,MF,2
245,Ignatius Ganago,FW,7
246,Yann Gboho,"MF,FW",0
247,Valère Germain,FW,3
248,Willem Geubbels,"FW,MF",1
249,Andrei Girotto,"DF,MF",1
250,Aleksandr Golovin,"MF,FW",5
251,Alfred Gomis,GK,0
252,Alfred Gomis,GK,0
253,Vagner Gonçalves,"FW,MF",4
254,Álvaro González,DF,2
255,Amine Gouiri,"FW,MF",12
256,Jonathan Gradit,DF,0
257,Andrew Gravillon,DF,1
258,Adrian Grbić,FW,4
259,Player,Pos,Gls
260,Etienne Green,GK,0
261,Clément Grenier,MF,4
262,Evann Guessand,FW,0
263,Kelyan Guessoum,DF,0
264,Lamine Gueye,"FW,MF",3
265,Pape Gueye,MF,2
266,Frederic Guilbert,DF,1
267,Bruno Guimarães,MF,3
268,Sehrou Guirassy,FW,10
269,Malo Gusto,"DF,MF",0
270,Massadio Haïdara,DF,2
271,Pierre-Yves Hamel,FW,4
272,Romain Hamouma,FW,6
273,Dalbert Henrique,DF,0
274,Luis Henrique,"DF,FW",0
275,Christophe Hérelle,DF,0
276,Jérôme Hergault,DF,2
277,Ander Herrera,MF,1
278,Vitorino Hilton,DF,0
279,Franck Honorat,"MF,FW",8
280,Fraser Hornby,FW,0
281,Adrien Hunou,"FW,MF",4
282,Didier Ibrahim Ndong,MF,0
283,Mauro Icardi,FW,7
284,Jonathan Ikone,"MF,FW",4
285,Player,Pos,Gls
286,Yun Il-lok,"MF,FW",0
287,Corentin Jean,"FW,MF",1
288,Jesé,FW,0
289,Stevan Jovetić,"FW,MF",6
290,Abdoul Kader Bamba,"FW,MF",3
291,Tino Kadewere,FW,10
292,Gaël Kakuta,"MF,FW",11
293,Arnaud Kalimuendo,FW,0
294,Arnaud Kalimuendo,FW,7
295,Samuel Kalu,"FW,MF",4
296,Aboubakar Kamara,"FW,MF",1
297,Bingourou Kamara,GK,0
298,Boubacar Kamara,MF,0
299,Hassane Kamara,DF,2
300,Wilfried Kanga,FW,0
301,Eiji Kawashima,GK,0
302,Moise Kean,FW,13
303,Thilo Kehrer,DF,0
304,Habib Keita,MF,0
305,Saîf-Eddine Khaoui,"FW,MF",2
306,Wahbi Khazri,FW,7
307,Presnel Kimpembe,DF,0
308,Randal Kolo Muani,FW,9
309,Timothée Kolodziejczak,DF,0
310,Ghislain Konan,DF,2
311,Player,Pos,Gls
312,Moussa Konaté,FW,5
313,Lamine Koné,DF,1
314,Moussa Koné,FW,9
315,Laurent Koscielny,DF,0
316,Boubakar Kouyaté,DF,1
317,Jean-Philippe Krasso,FW,0
318,Layvin Kurzawa,DF,1
319,Dereck Kutesa,"MF,FW",1
320,Enock Kwateng,DF,1
321,Gaëtan Laborde,"FW,MF",16
322,Tom Lacoux,MF,0
323,Alban Lafont,GK,0
324,Kenny Lala,DF,3
325,Loïck Landre,DF,1
326,Julien Laporte,DF,0
327,Gautier Larsonneur,GK,0
328,Paul Lasne,MF,0
329,Armand Lauriente,"FW,MF",3
330,Wesley Lautoa,"MF,DF",0
331,Jérémy Le Douaron,"FW,MF",1
332,Enzo Le Fée,"MF,FW",0
333,Vincent Le Goff,DF,0
334,Damien Le Tallec,"MF,DF",0
335,James Lea Siliki,MF,0
336,Jean-Louis Leca,GK,0
337,Player,Pos,Gls
338,Benjamin Lecomte,GK,0
339,Pierre Lees-Melou,MF,4
340,Fabien Lemoine,MF,1
341,Aaron Leya Iseka,FW,4
342,Yanis Lhery,"MF,FW",0
343,Dimitri Liénard,MF,2
344,Isaac Lihadji,"MF,DF",0
345,Pol Lirola,DF,2
346,Anthony Lopes,GK,0
347,Rony Lopes,"FW,MF",3
348,Maxime Lopez,"FW,MF",0
349,Dion Lopy,MF,0
350,Jordan Lotomba,DF,1
351,Adrien Louveau,DF,0
352,Imran Louza,MF,7
353,Jean Lucas,MF,0
354,Jean Lucas,MF,0
355,Florentino Luís,MF,0
356,Yann M'Vila,MF,0
357,Yvann Macon,DF,1
358,Hugo Magnetti,MF,0
359,Hicham Mahou,DF,0
360,Habib Maïga,MF,1
361,Mike Maignan,GK,0
362,Josh Maja,FW,2
363,Player,Pos,Gls
364,Radosław Majecki,GK,0
365,Abdul Majeed Waris,"FW,MF",1
366,Marco Majouga,"MF,FW",0
367,Hianga Mananga Mbock,MF,0
368,Vincent Manceau,DF,0
369,Steve Mandanda,GK,0
370,Reinildo Mandava,DF,0
371,Thomas Mangani,MF,3
372,Vito Mannone,GK,0
373,Myziane Maolida,"FW,MF",3
374,Faitout Maouassa,DF,0
375,Sekou Mara,FW,1
376,Fernando Marçal,DF,0
377,Marcelo,DF,3
378,Dario Maresic,DF,0
379,Jordan Marié,MF,0
380,Guillermo Maripán,DF,5
381,Marquinhos,DF,3
382,Jonas Martin,MF,0
383,Pablo Martinez,DF,0
384,Gelson Martins,"MF,FW",3
385,Sylvain Marveaux,"MF,FW",0
386,Pape Matar Sarr,MF,3
387,Eliot Matazo,MF,1
388,Chrislain Matsima,DF,0
389,Player,Pos,Gls
390,Tony Mauricio,MF,0
391,Stephy Mavididi,"FW,MF",9
392,Youssef Maziz,"MF,FW",0
393,Kylian Mbappé,FW,27
394,Nathanael Mbuku,"MF,FW",4
395,Facundo Medina,DF,2
396,Farid El Melali,"FW,MF",0
397,Birger Meling,DF,2
398,Houboulang Mendes,DF,0
399,Pedro Mendes,DF,2
400,Thiago Mendes,MF,0
401,Batista Mendy,MF,0
402,Edouard Mendy,GK,0
403,Mexer,DF,0
404,Clément Michelin,DF,0
405,Edouard Michut,MF,0
406,Florian Miguel,DF,0
407,Arkadiusz Milik,FW,9
408,Enzo Millot,MF,0
409,Stefan Mitrović,DF,2
410,Anthony Modeste,FW,0
411,Terem Moffi,FW,14
412,Dion Moise Sahi,"FW,MF",1
413,Florent Mollet,MF,3
414,Thomas Monconduit,MF,2
415,Player,Pos,Gls
416,Kévin Monnet-Paquet,"MF,FW",0
417,Jérémy Morel,DF,0
418,Aimen Moueffek,"DF,MF",0
419,Harold Moukoudi,DF,3
420,Jessy Moulin,GK,0
421,Steve Mounié,FW,9
422,Samuel Moutoussamy,FW,0
423,Loris Mouyokolo,DF,0
424,Marshall Munetsi,"MF,DF",1
425,Kévin N'Doram,MF,0
426,Stanley N'Soki,DF,0
427,Yuto Nagatomo,DF,0
428,Kenny Nagera,FW,0
429,Paul Nardi,GK,0
430,Keylor Navas,GK,0
431,Papa Ndiaga Yade,"FW,MF",3
432,Bridge Ndilu,"MF,FW",0
433,Dan Ndoye,"FW,MF",1
434,Neymar,"MF,FW",9
435,Yvan Neyou,MF,1
436,Muzinga Ngonda,DF,2
437,Ahmad Ngouyamsa,DF,0
438,Opa Nguette,"FW,MF",3
439,Ibrahima Niane,FW,6
440,M'Baye Niang,FW,1
441,Player,Pos,Gls
442,Casimir Ninga,FW,0
443,Arnaud Nordin,"MF,FW",4
444,Olivier Ntcham,MF,0
445,Gerzino Nyamsi,DF,1
446,Steven Nzonzi,MF,1
447,Jonas Omlin,GK,0
448,Henry Onyekuru,FW,0
449,Otávio,MF,1
450,Remi Oudin,"FW,MF",4
451,Alexandre Oukidja,GK,0
452,Zinédine Ould Khaled,MF,0
453,Ambroise Oyongo,DF,1
454,Pablo,DF,1
455,Vincent Pajot,MF,0
456,Nicolas Pallois,DF,2
457,Jonathan Panzo,DF,0
458,Lucas Paquetá,MF,9
459,Gaëtan Paquiez,DF,0
460,Rubén Pardo,"MF,FW",0
461,Leandro Paredes,MF,1
462,Mateo Pavlović,DF,0
463,Strahinja Pavlović,DF,0
464,Dimitri Payet,"FW,MF",7
465,Yohann Pelé,GK,0
466,Pietro Pellegri,"FW,MF",1
467,Player,Pos,Gls
468,Andy Pelmard,DF,0
469,Timothee Pembele,DF,1
470,Mathias Pereira Lage,"FW,MF",4
471,Danilo Pereira,"MF,DF",2
472,Manuel Perez,MF,0
473,Romain Perraud,DF,3
474,Lucas Perrin,"DF,FW",1
475,Rayan Philippe,FW,0
476,Romain Philippoteaux,FW,1
477,Romain Philippoteaux,"MF,FW",1
478,Jérémy Pied,DF,0
479,Ronaël Pierre-Gabriel,DF,1
480,Maxime Poundjé,DF,0
481,Sanjin Prcić,MF,0
482,Nicolas de Préville,"FW,MF",1
483,Anthony Racioppi,GK,0
484,Nemanja Radonjić,FW,2
485,Aleksandar Radovanović,DF,0
486,Rafinha,MF,0
487,Predrag Rajković,GK,0
488,Jeff Reine-Adélaïde,FW,0
489,Jeff Reine-Adélaïde,"MF,FW",1
490,Panagiotis Retsos,DF,0
491,Baptiste Reynet,GK,0
492,Sergio Rico,GK,0
493,Player,Pos,Gls
494,Renaud Ripart,"MF,FW",11
495,Mihailo Ristić,DF,0
496,Maxence Rivera,"MF,FW",0
497,Christopher Rocchia,DF,0
498,Valentin Rongier,MF,1
499,Nolan Roux,FW,0
500,Daniele Rugani,DF,0
501,Kays Ruiz,"FW,MF",0
502,Georginio Rutter,"FW,MF",0
503,Roli Pereira de Sa,"MF,FW",0
504,Idriss Saadi,"FW,MF",0
505,Youssouf Sabaly,DF,1
506,Mathys Saban,FW,0
507,Hiroki Sakai,DF,0
508,Moïse Sakava,MF,0
509,William Saliba,DF,1
510,Romain Salin,GK,0
511,Mama Samba Baldé,FW,7
512,Junior Sambia,"DF,MF",1
513,Frédéric Sammaritano,"FW,MF",0
514,Renato Sanches,MF,1
515,Morgan Sanson,MF,2
516,Baptiste Santamaria,MF,0
517,Pablo Sarabia,"FW,MF",6
518,Bouna Sarr,DF,0
519,Player,Pos,Gls
520,Sidy Sarr,MF,0
521,Téji Savanier,MF,5
522,Aurélien Scheidler,FW,1
523,Morgan Schneiderlin,MF,0
524,Malik Sellouki,"FW,MF",1
525,Matz Sels,GK,0
526,Jean Seri,MF,0
527,Mahame Siby,"MF,FW",0
528,Abdoulaye Sidibé,MF,0
529,Djibril Sidibé,DF,0
530,Kaj Sierhuis,FW,0
531,Caio Henrique Oliveira Silva,DF,0
532,Florent da Silva,FW,0
533,Gabriel Silva,DF,0
534,Mohamed Simakan,DF,1
535,Moses Simon,"FW,MF",6
536,Xavi Simons,MF,0
537,Issouf Sissokho,MF,1
538,Ibrahima Sissoko,MF,0
539,Nelson Sissoko,DF,0
540,Jacques Siwe,FW,0
541,Petar Škuletić,"FW,MF",2
542,Islam Slimani,FW,3
543,Brandon Soppy,DF,0
544,Florian Sotoca,FW,8
545,Player,Pos,Gls
546,Cheick Souaré,MF,0
547,Rayan Souici,DF,0
548,Adama Soumaoro,DF,0
549,Boubakary Soumaré,MF,0
550,Yaya Soumaré,FW,0
551,Arnaud Souquet,DF,1
552,Ansou Sow,MF,0
553,Saidou Sow,DF,0
554,Kevin Strootman,MF,0
555,Abdoulaye Sylla,DF,0
556,Issiaga Sylla,DF,1
557,Eddy Sylvestre,"FW,MF",0
558,Waniss Taibi,MF,0
559,Flavien Tait,"MF,FW",1
560,Heriberto Tavares,"MF,FW",0
561,Warren Tchimbembé,"MF,FW",0
562,Aurélien Tchouaméni,MF,2
563,Martin Terrier,"FW,MF",9
564,Kenny Tete,DF,0
565,Florian Thauvin,"FW,MF",8
566,Sada Thioub,"FW,MF",1
567,Romain Thomas,DF,4
568,Adrien Thomasson,MF,5
569,Khéphren Thuram-Ulie,MF,2
570,Cheikh Tidiane Sabaly,MF,0
571,Player,Pos,Gls
572,Jean-Clair Todibo,DF,1
573,Karl Toko Ekambi,FW,14
574,Tyron Tormin,"MF,FW",0
575,Abdoulaye Touré,MF,2
576,Amadou Traore,"MF,FW",0
577,Boubacar Traoré,MF,1
578,Charles Traore,DF,1
579,Cheick Traoré,DF,0
580,Hamari Traoré,DF,1
581,Ismaël Traoré,DF,3
582,Miguel Trauco,DF,0
583,Alexis Trouillet,MF,0
584,Adrien Truffert,"DF,MF",1
585,Marvin Tshibuabua,DF,0
586,Matthieu Udol,DF,0
587,Naomichi Ueda,DF,0
588,Chimuanya Ugochukwu,MF,0
589,Hwang Ui-jo,"FW,MF",12
590,Antoine Valerio,MF,0
591,Marco Verratti,MF,0
592,Clément Vidal,DF,0
593,Kevin Volland,"FW,MF",16
594,Franklin Wadja,"MF,FW",0
595,Timothy Weah,"FW,MF",3
596,Yoane Wissa,"FW,MF",10
597,Player,Pos,Gls
598,Xeka,MF,1
599,Yusuf Yazıcı,"FW,MF",7
600,Burak Yılmaz,FW,16
601,Wilitty Younoussa,"MF,DF",0
602,Zaydou Youssouf,MF,1
603,Arthur Zagre,"DF,MF",0
604,Arber Zeneli,"MF,FW",3
605,Mehdi Zerkane,"MF,FW",1
606,Kévin Zohi,"FW,MF",2
0,Issah Abbas,"DF,FW",0
1,David Abraham,DF,1
2,Amir Abrashi,"MF,DF",0
3,Ragnar Ache,"FW,DF",1
4,Tyler Adams,"DF,MF",1
5,Sargis Adamyan,"FW,MF",2
6,Felix Agu,"DF,FW",1
7,Naouirou Ahamada,MF,0
8,Manuel Akanji,DF,2
9,Kevin Akpoguma,DF,1
10,David Alaba,"DF,MF",2
11,Lucas Alario,FW,11
12,Omar Alderete,DF,0
13,Nadiem Amiri,MF,2
14,Sebastian Andersson,FW,3
15,Robert Andrich,MF,5
16,Angeliño,"DF,FW",4
17,Waldemar Anton,DF,0
18,Charles Aránguiz,MF,0
19,Santiago Arias,DF,0
20,Maximilian Arnold,MF,3
21,Toluwalas Arokodare,FW,0
22,Santiago Ascacíbar,MF,1
23,Ludwig Augustinsson,DF,0
24,Taiwo Awoniyi,FW,5
25,Player,Pos,Gls
26,Mehmet-Can Aydin,DF,0
27,Leon Bailey,"FW,MF",9
28,Ridle Baku,DF,0
29,Ridle Baku,"FW,DF",6
30,Philipp Bargfrede,MF,0
31,Aymen Barkok,"MF,FW",2
32,Leandro Barreiro Martins,MF,2
33,Jacob Barrett Laursen,DF,0
34,Oliver Baumann,GK,0
35,Julian Baumgartlinger,MF,2
36,Christoph Baumgartner,"MF,FW",6
37,Noah Joel Sarenren Bazee,"FW,MF",0
38,Ihlas Bebou,FW,9
39,Sheraldo Becker,"FW,MF",3
40,Timo Becker,DF,0
41,Brian Behrendt,DF,0
42,Maximilian Beier,"FW,DF",0
43,Ishak Belfodil,FW,0
44,Stefan Bell,DF,1
45,Karim Bellarabi,"FW,MF",0
46,Jude Bellingham,MF,1
47,Lars Bender,DF,1
48,Sven Bender,DF,0
49,László Bénes,"MF,FW",1
50,László Bénes,MF,0
51,Player,Pos,Gls
52,Ramy Bensebaini,DF,4
53,Nabil Bentaleb,MF,0
54,Louis Beyer,DF,0
55,Bartosz Bialek,"FW,MF",2
56,Ermin Bičakčić,DF,1
57,Leonardo Bittencourt,"MF,FW",4
58,Jérôme Boateng,DF,1
59,Jean-Paul Boëtius,"MF,FW",2
60,Melayro Bogarde,"DF,MF",0
61,Elias Bördner,GK,0
62,Dennis Borkowski,"MF,FW",0
63,Sebastiaan Bornauw,DF,1
64,Nassim Boujellab,"MF,FW",1
65,Dedryck Boyata,DF,1
66,Can Bozdogan,MF,0
67,Julian Brandt,"FW,MF",3
68,Fabian Bredlow,GK,0
69,Josip Brekalo,FW,7
70,Joshua Brenet,DF,0
71,John Brooks,DF,2
72,Daniel Brosinski,DF,2
73,Cédric Brunner,DF,0
74,Jacob Bruun Larsen,FW,0
75,Marius Bülter,"FW,MF",1
76,Jonathan Burkardt,"FW,DF",2
77,Player,Pos,Gls
78,Nishan Burkart,MF,0
79,Roman Bürki,GK,0
80,Kerim Calhanoglu,DF,0
81,Daniel Caligiuri,"MF,DF",6
82,Emre Can,"DF,MF",1
83,Koen Casteels,GK,0
84,Gonzalo Castro,"MF,FW",4
85,Sava Cestic,DF,0
86,Timothy Chandler,DF,1
87,Kwon Chang-hoon,"MF,FW",0
88,Tahith Chong,"FW,MF",0
89,Darko Churlinov,"DF,FW",0
90,Tim Civeja,"MF,DF",0
91,Kingsley Coman,"FW,MF",5
92,Jhon Córdoba,FW,7
93,Sergio Córdova,"FW,MF",2
94,Danny da Costa,DF,0
95,Danny da Costa,DF,0
96,Douglas Costa,"FW,MF",1
97,Tanguy Coulibaly,"DF,FW",2
98,Mickaël Cuisance,FW,0
99,Matheus Cunha,"FW,MF",7
100,Rafael Czichos,DF,1
101,Moanes Dabbur,FW,4
102,Finn Dahmen,GK,0
103,Player,Pos,Gls
104,Mahmoud Dahoud,MF,1
105,Leon Dajaku,FW,0
106,Tiago Dantas,MF,0
107,Márton Dárdai,"DF,MF",0
108,Vladimír Darida,MF,1
109,Alphonso Davies,DF,1
110,Thomas Delaney,MF,1
111,Kerem Demirbay,MF,4
112,Ermedin Demirović,FW,5
113,Emmanuel Dennis,FW,0
114,Mike van der Hoorn,DF,0
115,Moussa Diaby,"FW,MF",4
116,Daniel Didavi,"FW,MF",4
117,Javairô Dilrosun,"FW,MF",0
118,Eren Dinkçi,"FW,MF",1
119,Ritsu Doan,"MF,FW",5
120,Ji Dong-won,"FW,DF",0
121,Bas Dost,FW,4
122,Aleksandar Dragović,DF,1
123,Dominick Drexler,"MF,FW",2
124,Ondrej Duda,"FW,MF",7
125,Erik Durm,DF,1
126,Johannes Eggestein,"FW,MF",0
127,Maximilian Eggestein,MF,2
128,Lilian Egloff,MF,0
129,Player,Pos,Gls
130,Kingsley Ehizibue,DF,0
131,Nico Elvedi,DF,3
132,Breel Embolo,"FW,MF",5
133,Keita Endo,"MF,FW",1
134,Wataru Endo,MF,3
135,Patrick Erras,"MF,FW",0
136,Ralf Fährmann,GK,0
137,Ohis Felix Uduokhai,DF,1
138,Edimilson Fernandes,"MF,DF",0
139,Alfreð Finnbogason,FW,0
140,Mark Flekken,GK,0
141,Florian Flick,MF,1
142,Emil Forsberg,"FW,MF",7
143,Philipp Förster,"FW,MF",3
144,Timothy Fosu-Mensah,DF,0
145,Raphael Framberger,DF,0
146,Marco Friedl,DF,0
147,Marvin Friedrich,DF,5
148,Jeremie Frimpong,"DF,FW",0
149,Niclas Füllkrug,"FW,MF",6
150,Mijat Gaćinović,"DF,MF",0
151,Christian Gebauer,"MF,FW",1
152,Theodor Gebre Selassie,DF,3
153,Emrehan Gedikli,FW,0
154,Dennis Geiger,MF,1
155,Player,Pos,Gls
156,Christian Gentner,MF,0
157,Yannick Gerhardt,"MF,FW",2
158,Hamadi Al Ghaddioui,"FW,MF",0
159,Niko Gießelmann,DF,0
160,Rafał Gikiewicz,GK,0
161,Daniel Ginczek,"FW,MF",0
162,Matthias Ginter,DF,2
163,Robert Glatzel,FW,2
164,Serge Gnabry,"FW,MF",10
165,Akaki Gogia,"FW,MF",0
166,Nicolás González,"FW,DF",6
167,Leon Goretzka,MF,5
168,Jeffrey Gouweleeuw,DF,1
169,Demarai Gray,FW,1
170,Michael Gregoritsch,"FW,MF",1
171,Sebastian Griesbeck,MF,0
172,Vincenzo Grifo,"MF,FW",9
173,Lennart Grill,GK,0
174,Florian Grillitsch,"MF,DF",2
175,Christian Groß,"MF,DF",0
176,Ilia Gruev,FW,0
177,Carlos Gruezo,MF,0
178,Mattéo Guendouzi,MF,2
179,Raphaël Guerreiro,DF,5
180,Josuha Guilavogui,"MF,DF",0
181,Player,Pos,Gls
182,Péter Gulácsi,GK,0
183,Manuel Gulde,DF,2
184,Robert Gumny,DF,1
185,Christian Günter,DF,3
186,Erling Haaland,FW,27
187,Janik Haberer,"MF,FW",0
188,Alexander Hack,DF,1
189,André Hahn,"FW,MF",8
190,Amadou Haidara,"MF,DF",3
191,Marcel Halstenberg,DF,2
192,Amine Harit,"MF,FW",2
193,Marcel Hartel,MF,0
194,Makoto Hasebe,"DF,MF",0
195,Thorgan Hazard,"FW,MF",1
196,Jonas Hector,MF,3
197,Hwang Hee-chan,"FW,MF",0
198,Dominique Heintz,DF,0
199,Benjamin Henrichs,"DF,MF",0
200,Lucas Hernández,DF,0
201,Patrick Herrmann,FW,0
202,Martin Hinteregger,DF,2
203,Marwin Hitz,GK,0
204,Nicolas Höfler,MF,1
205,Jonas Hofmann,"FW,MF",6
206,Marco Höger,"DF,MF",0
207,Player,Pos,Gls
208,Lucas Höler,"FW,MF",4
209,Matthew Hoppe,FW,6
210,Jannes Horn,DF,0
211,Timo Horn,GK,0
212,Lukáš Hrádecký,GK,0
213,Ajdin Hrustic,"MF,FW",1
214,Florian Hübner,DF,0
215,Mats Hummels,DF,5
216,Klaas-Jan Huntelaar,FW,2
217,Iago,DF,1
218,Vedad Ibišević,FW,0
219,Blendi Idrizi,MF,1
220,Stefan Ilsanker,"MF,DF",1
221,Marcus Ingvartsen,"MF,FW",3
222,Ismail Jakobs,"DF,MF",1
223,Tony Jantschke,DF,0
224,Rune Jarstein,GK,0
225,Tin Jedvaj,DF,0
226,Fredrik Jensen,"FW,MF",0
227,Marco John,DF,0
228,Luka Jović,"FW,MF",4
229,Ozan Kabak,DF,0
230,Pavel Kadeřábek,DF,0
231,Florian Kainz,"FW,MF",1
232,Sasa Kalajdzic,FW,16
233,Player,Pos,Gls
234,Daichi Kamada,"MF,FW",5
235,Marcin Kamiński,DF,0
236,Kevin Kampl,MF,0
237,Jimmy Kaparos,MF,0
238,Atakan Karazor,"DF,MF",0
239,Loris Karius,GK,0
240,Silas Katompa,"DF,FW",11
241,Noah Katterbach,DF,0
242,Yannik Keitel,MF,0
243,Marc-Oliver Kempf,DF,2
244,Rani Khedira,MF,1
245,Sami Khedira,MF,0
246,Luca Kilian,DF,0
247,Joshua Kimmich,MF,4
248,Davy Klaassen,MF,0
249,Felix Klaus,"DF,MF",0
250,Klauss,"FW,DF",0
251,Philipp Klement,"MF,FW",1
252,Mateo Klimowicz,"FW,MF",1
253,Fabian Klos,FW,5
254,Lukas Klostermann,DF,1
255,Justin Kluivert,FW,3
256,Lukas Klünter,DF,0
257,Ansgar Knauff,"FW,MF",1
258,Robin Knoche,DF,1
259,Player,Pos,Gls
260,Gregor Kobel,GK,0
261,Dominik Kohr,"MF,FW",0
262,Dominik Kohr,MF,1
263,Sead Kolašinac,"DF,MF",1
264,Ibrahima Konaté,DF,1
265,Filip Kostić,DF,4
266,Nianzou Kouassi,"DF,MF",0
267,Andrej Kramarić,"FW,MF",20
268,Christoph Kramer,MF,0
269,Max Kruse,"FW,MF",11
270,Lukas Kübler,DF,0
271,Pierre Kunde,MF,0
272,Fabian Kunze,MF,0
273,Ahmed Kutucu,"FW,MF",0
274,Maxence Lacroix,DF,1
275,Konrad Laimer,"DF,FW",0
276,Stefan Lainer,DF,2
277,Michael Langer,GK,0
278,Danny Latza,MF,0
279,Valentino Lazaro,"DF,FW",2
280,Mathew Leckie,"FW,DF",0
281,Christopher Lenz,DF,0
282,Robert Lewandowski,FW,41
283,Philipp Lienhart,DF,4
284,Dimitris Limnios,"MF,FW",0
285,Player,Pos,Gls
286,Niklas Lomb,GK,0
287,Eduard Löwen,"MF,DF",0
288,Jan Luca Schuler,FW,0
289,Anderson Lucoqui,DF,0
290,Kilian Ludewig,DF,0
291,Dodi Lukebakio,"FW,MF",5
292,Andreas Luthe,GK,0
293,Tim Maciejewski,MF,0
294,Luca Mack,MF,0
295,Mikail Maden,FW,0
296,Arne Maier,MF,0
297,Arne Maier,MF,0
298,Yunus Mallı,MF,0
299,Orel Mangala,MF,1
300,Omar Marmoush,FW,0
301,Aarón Martín,DF,0
302,Javi Martínez,"DF,MF",0
303,Josep Martinez,GK,0
304,Omar Mascarell,MF,1
305,Roberto Massimo,"DF,FW",0
306,Jean-Philippe Mateta,FW,7
307,Rabbi Matondo,"FW,MF",0
308,Henning Matriciani,DF,0
309,Konstantinos Mavropanos,DF,0
310,Eric Maxim Choupo-Moting,"FW,MF",3
311,Player,Pos,Gls
312,Kevin Mbabu,DF,0
313,Jean-Manuel Mbom,"MF,DF",0
314,Nathan de Medina,DF,0
315,Joshua Mees,FW,0
316,Admir Mehmedi,"MF,FW",0
317,Hamza Mendyl,"FW,DF",0
318,Levent Mercan,FW,0
319,Jorge Meré,DF,0
320,Thomas Meunier,DF,1
321,Max Meyer,MF,0
322,Jonas Michel Dirkner,MF,0
323,Jonas Michelbrink,MF,0
324,Maximilian Mittelstädt,DF,0
325,Anthony Modeste,"FW,MF",0
326,Kevin Möhwald,MF,5
327,Niklas Moisander,DF,0
328,Alkhaly Momo Cissé,"DF,FW",0
329,Jan Morávek,MF,0
330,Mateu Morey,DF,0
331,Youssoufa Moukoko,"FW,MF",3
332,Nordi Mukiele,DF,3
333,Florian Müller,GK,0
334,Sebastian Müller,"MF,DF",0
335,Thomas Müller,MF,11
336,Petar Musa,FW,1
337,Player,Pos,Gls
338,Jamal Musiala,"FW,MF",6
339,Shkodran Mustafi,DF,1
340,Phillipp Mwene,DF,1
341,Obite N'Dicka,DF,3
342,Matija Nastasić,DF,0
343,Paul Nebel,"MF,FW",0
344,Luca Netz,"DF,MF",1
345,Manuel Neuer,GK,0
346,Florian Neuhaus,MF,6
347,Jessic Ngankam,FW,2
348,Moussa Niakhate,DF,3
349,Florian Niederlechner,FW,5
350,Joakim Nilsson,DF,0
351,Christopher Nkunku,"FW,MF",6
352,Håvard Nordtveit,DF,0
353,Alexander Nübel,GK,0
354,Kasim Nuhu,DF,0
355,Bastian Oczipka,DF,0
356,Masaya Okugawa,"MF,FW",1
357,Dani Olmo,"MF,FW",5
358,Karim Onisiwo,FW,4
359,Willi Orban,DF,4
360,Stefan Ortega,GK,0
361,Yuya Osako,"MF,FW",0
362,Paulo Otávio,DF,0
363,Player,Pos,Gls
364,Reece Oxford,DF,0
365,Salih Özcan,"MF,FW",0
366,Levin Öztunalı,"DF,FW",1
367,Gonçalo Paciência,FW,1
368,Exequiel Palacios,MF,0
369,Matondo-Merveille Papela,DF,0
370,Felix Passlack,DF,1
371,Paulinho,FW,0
372,Benjamin Pavard,DF,0
373,Jiří Pavlenka,GK,0
374,Vasileios Pavlidis,FW,0
375,Mads Pedersen,DF,0
376,Peter Pekarík,DF,3
377,Philipp Pentke,GK,0
378,Pavao Pervan,GK,0
379,Nils Petersen,FW,8
380,Lukas Petkov,MF,0
381,Maximilian Philipp,MF,6
382,Krzysztof Piątek,FW,7
383,Amos Pieper,DF,1
384,Łukasz Piszczek,DF,0
385,Marvin Plattenhardt,DF,0
386,Alassane Pléa,FW,6
387,Joel Pohjanpalo,FW,6
388,Joel Pohjanpalo,MF,0
389,Player,Pos,Gls
390,Marin Pongračić,DF,0
391,Stefan Posch,DF,0
392,Yussuf Poulsen,FW,5
393,Manuel Prietl,MF,1
394,Grischa Prömel,MF,3
395,Robin Quaison,"FW,MF",6
396,Nemanja Radonjić,"FW,DF",1
397,Benito Raman,"FW,MF",2
398,Milot Rashica,"FW,MF",3
399,Daishawn Redan,"FW,MF",0
400,Reinier,"MF,FW",1
401,Rocco Reitz,MF,0
402,Marco Reus,"MF,FW",8
403,Elvis Rexhbeçaj,"MF,FW",5
404,Gio Reyna,"FW,MF",4
405,Chris Richards,DF,0
406,Chris Richards,DF,0
407,Marco Richter,"FW,MF",3
408,Marc Roca,MF,0
409,Sebastian Rode,MF,1
410,Jérôme Roussillon,DF,0
411,Sebastian Rudy,DF,0
412,Sebastian Rudy,"MF,DF",1
413,Georginio Rutter,FW,1
414,Julian Ryerson,"DF,MF",0
415,Player,Pos,Gls
416,Frederik Rønnow,GK,0
417,João Victor Santos Sá,FW,1
418,Marcel Sabitzer,MF,8
419,Roland Sallai,"MF,FW",8
420,Lazar Samardzic,"MF,FW",0
421,Diadie Samassékou,MF,0
422,Jadon Sancho,"FW,MF",8
423,Leroy Sané,"FW,MF",6
424,Salif Sané,DF,0
425,Mohamed Sankoh,FW,0
426,Baptiste Santamaria,MF,1
427,Josh Sargent,"FW,MF",5
428,Bouna Sarr,DF,0
429,Patrik Schick,FW,9
430,Sven Schipplock,"FW,MF",1
431,Xaver Schlager,MF,2
432,Keven Schlotterbeck,DF,0
433,Nico Schlotterbeck,DF,1
434,Jonathan Schmid,"DF,MF",2
435,Romano Schmid,"FW,MF",0
436,Benno Schmitz,DF,0
437,Alessandro Schöpf,"FW,MF",0
438,Nico Schulz,DF,0
439,Alexander Schwolow,GK,0
440,Christopher Scott,FW,0
441,Player,Pos,Gls
442,Davie Selke,FW,3
443,Suat Serdar,MF,1
444,Ryan Sessegnon,DF,2
445,Nils Seufert,"MF,FW",0
446,Tim Siersleben,DF,0
447,André Silva,FW,28
448,Jóan Símun Edmundsson,"MF,FW",1
449,Daley Sinkgraven,DF,0
450,Tobias Sippel,GK,0
451,Ellyes Skhiri,MF,5
452,Robert Skov,"FW,DF",1
453,Steven Skrzybski,"FW,DF",0
454,Yann Sommer,GK,0
455,Borna Sosa,DF,0
456,Cebio Soukou,"FW,MF",1
457,Djibril Sow,MF,0
458,Jerry St. Juste,DF,0
459,Benjamin Stambouli,"MF,DF",0
460,Josip Stanišić,DF,0
461,Niklas Stark,"DF,MF",0
462,Renato Steffen,"FW,MF",5
463,Pascal Stenzel,DF,0
464,Lars Stindl,"MF,FW",14
465,Kevin Stöger,"MF,FW",3
466,Tobias Strobl,MF,0
467,Player,Pos,Gls
468,Marek Suchý,DF,0
469,Niklas Süle,DF,1
470,Ádám Szalai,FW,1
471,Frederik Sørensen,"DF,MF",0
472,Alexander Sørloth,FW,5
473,Jonathan Tah,DF,1
474,Edmond Tapsoba,DF,1
475,Niklas Tauer,"MF,DF",0
476,Lino Tempelmann,"MF,DF",0
477,Cedric Teuchert,"FW,MF",3
478,Malick Thiaw,DF,1
479,Jan Thielmann,"FW,MF",2
480,Erik Thommy,"DF,FW",0
481,Marcus Thuram,FW,8
482,Steffen Tigges,"FW,DF",0
483,Guus Til,FW,0
484,Corentin Tolisso,MF,1
485,Ömer Toprak,DF,2
486,Jordan Torunarigha,DF,0
487,Almamy Touré,DF,1
488,Lucas Tousart,MF,1
489,Ibrahima Traoré,"FW,DF",0
490,Kevin Trapp,GK,0
491,Christopher Trimmel,DF,1
492,Tuta,DF,0
493,Player,Pos,Gls
494,Dayot Upamecano,DF,1
495,Mark Uth,"FW,MF",3
496,Ruben Vargas,"MF,FW",6
497,Miloš Veljković,DF,0
498,Michel Vlap,"MF,FW",1
499,Andreas Voglsammer,"FW,MF",2
500,Kevin Vogt,DF,0
501,Wout Weghorst,FW,20
502,Mitchell Weiser,DF,1
503,Wendell,DF,0
504,Oscar Wendt,DF,1
505,William,FW,0
506,William,"DF,FW",0
507,Marten Winkler,FW,0
508,Florian Wirtz,MF,5
509,Axel Witsel,MF,0
510,Hannes Wolf,"MF,FW",3
511,Marius Wolf,"DF,MF",2
512,Nick Woltemade,"FW,MF",0
513,Jeong Woo-yeong,"FW,MF",4
514,Joscha Wosz,"DF,FW",0
515,Reinhold Yabo,"MF,FW",1
516,Amin Younes,"MF,FW",3
517,Dan-Axel Zagadou,DF,0
518,Denis Zakaria,"MF,DF",1
519,Player,Pos,Gls
520,Deyovaisio Zeefuik,"DF,MF",1
521,Robin Zentner,GK,0
522,Ron-Robert Zieler,GK,0
523,Joshua Zirkzee,FW,0
524,Steven Zuber,"DF,MF",0
0,Gennaro Acampora,"MF,FW",0
1,Francesco Acerbi,DF,0
2,Andrea Adorante,FW,0
3,Lucien Agoume,MF,0
4,Kevin Agudelo,FW,1
5,Jean-Daniel Akpa-Akpro,MF,0
6,Luis Alberto,MF,9
7,Bruno Alves,DF,1
8,Wisdom Amey,DF,0
9,Sofyan Amrabat,MF,0
10,Djavan Anderson,DF,0
11,Nícolas Andrade,GK,0
12,Davide Angelo Ghislandi,DF,0
13,Philip Ankhrah,MF,0
14,Cristian Ansaldi,DF,1
15,Valentin Antov,DF,0
16,Nicolò Armini,DF,0
17,Tolgay Arslan,MF,3
18,Kwadwo Asamoah,"DF,MF",0
19,Kristoffer Askildsen,MF,0
20,Emil Audero,GK,0
21,Tommaso Augello,DF,1
22,Kaan Ayhan,DF,0
23,Milan Badelj,MF,1
24,Tiemoué Bakayoko,MF,2
25,Player,Pos,Gls
26,Keita Baldé,FW,7
27,Botond Balogh,DF,0
28,Mattia Bani,DF,0
29,Mattia Bani,DF,0
30,Antonín Barák,"MF,FW",7
31,Federico Barba,DF,0
32,Nicolò Barella,MF,3
33,Antonio Barreca,DF,0
34,Musa Barrow,"FW,MF",8
35,Paolo Bartolomei,MF,0
36,Daniele Baselli,MF,0
37,Alessandro Bastoni,DF,0
38,Simone Bastoni,DF,1
39,Bastos,DF,0
40,Rodrigo Becão,DF,1
41,Valon Behrami,MF,0
42,Andrea Belotti,FW,13
43,Ahmad Benali,MF,0
44,Ismaël Bennacer,MF,0
45,Rodrigo Bentancur,MF,0
46,Alessandro Berardi,GK,0
47,Domenico Berardi,"FW,MF",17
48,Álex Berenguer,MF,0
49,Bartosz Bereszyński,DF,1
50,Federico Bernardeschi,"DF,MF",0
51,Player,Pos,Gls
52,Marco Bertini,MF,0
53,Daniel Bessa,"MF,FW",0
54,Cristiano Biraghi,DF,1
55,Davide Biraschi,DF,0
56,Jeremie Boga,"FW,MF",4
57,Giacomo Bonaventura,MF,3
58,Federico Bonazzoli,FW,0
59,Federico Bonazzoli,FW,2
60,Kevin Bonifazi,DF,0
61,Leonardo Bonucci,DF,2
62,Mehdi Bourabia,MF,1
63,Edoardo Bove,MF,0
64,Jayden Braaf,FW,1
65,Gleison Bremer,DF,5
66,Marcelo Brozović,MF,2
67,Gastón Brugman,MF,1
68,Juan Brunetta,"FW,MF",1
69,Gianluigi Buffon,GK,0
70,Alessandro Buongiorno,DF,0
71,Maxime Busi,DF,0
72,Martín Cáceres,DF,2
73,Felipe Caicedo,FW,8
74,Arturo Calabresi,DF,0
75,Arturo Calabresi,DF,0
76,Davide Calabria,DF,2
77,Player,Pos,Gls
78,Riccardo Calafiori,DF,0
79,Mattia Caldara,DF,0
80,Luca Caldirola,DF,2
81,Hakan Çalhanoğlu,"MF,FW",4
82,Fabrizio Caligara,MF,0
83,José Callejón,"FW,MF",0
84,Drissa Camara,MF,0
85,Antonio Candreva,MF,5
86,Elio Capradossi,DF,0
87,Gianluca Caprari,"MF,FW",5
88,Francesco Caputo,FW,11
89,Andrea Carboni,DF,0
90,Giuseppe Caso,MF,0
91,Francesco Cassata,"DF,MF",0
92,Samu Castillejo,FW,1
93,Gaetano Castrovilli,MF,5
94,Danilo Cataldi,MF,0
95,Federico Ceccherini,DF,0
96,Federico Ceccherini,DF,0
97,Luca Ceppitelli,DF,0
98,Alberto Cerri,"FW,MF",1
99,Julian Chabot,DF,1
100,Giorgio Chiellini,DF,0
101,Federico Chiesa,DF,1
102,Federico Chiesa,"MF,DF",8
103,Player,Pos,Gls
104,Vlad Chiricheș,DF,2
105,Luca Cigarini,MF,0
106,Antonio Cioffi,FW,0
107,Ebrima Colley,"FW,MF",1
108,Omar Colley,DF,2
109,Simone Colombi,GK,0
110,Lorenzo Colombo,FW,0
111,Andrea Consigli,GK,0
112,Andrea Conti,DF,0
113,Andrea Conti,DF,0
114,Alex Cordaz,GK,0
115,Andreas Cornelius,FW,1
116,Joaquín Correa,FW,8
117,Félix Correia,MF,0
118,Angelo da Costa Júnior,GK,0
119,Douglas Costa,"MF,FW",0
120,Mamadou Coulibaly,MF,0
121,Alessio Cragno,GK,0
122,Gian Crespi,GK,0
123,Domenico Criscito,DF,1
124,Bryan Cristante,"DF,MF",1
125,Giovanni Crociata,"MF,DF",0
126,Juan Cuadrado,"DF,MF",2
127,Giuseppe Cuomo,DF,0
128,Patrick Cutrone,"FW,MF",0
129,Player,Pos,Gls
130,Wylan Cyprien,MF,0
131,Lennart-Marten Czyborra,DF,1
132,Danilo D'Ambrosio,DF,3
133,Bryan Dabo,MF,0
134,Diogo Dalot,DF,1
135,Mikkel Damsgaard,"MF,FW",2
136,Danilo,DF,1
137,Andrea Danzi,"MF,DF",0
138,Ebrima Darboe,MF,0
139,Matteo Darmian,DF,0
140,Matteo Darmian,DF,3
141,Paweł Dawidowicz,DF,0
142,Sebastien De Maio,DF,0
143,Rodrigo De Paul,MF,9
144,Mattia De Sciglio,DF,0
145,Lorenzo De Silvestri,DF,2
146,Grégoire Defrel,"FW,MF",3
147,Alessandro Deiola,MF,0
148,Alessandro Deiola,MF,0
149,Lorenzo Del Pinto,MF,0
150,Cristian Dell'Orco,DF,0
151,Merih Demiral,DF,0
152,Diego Demme,MF,2
153,Stefano Denswil,DF,0
154,Fabio Depaoli,DF,0
155,Player,Pos,Gls
156,Fabio Depaoli,MF,0
157,Fabio Depaoli,DF,0
158,Kastriot Dermaku,DF,0
159,Kiril Despodov,FW,0
160,Mattia Destro,FW,11
161,Gerard Deulofeu,"FW,MF",1
162,Jacopo Dezi,"FW,MF",0
163,Samuel Di Carmine,FW,0
164,Samuel Di Carmine,FW,0
165,Giovanni Di Lorenzo,DF,3
166,Alessandro Di Pardo,"MF,DF",0
167,Giuseppe Di Serio,"FW,MF",0
168,Amad Diallo,MF,0
169,Amadou Diambo,FW,0
170,Amadou Diawara,MF,1
171,Brahim Díaz,"MF,FW",4
172,Daan Dierckx,DF,0
173,Mitchell Dijks,DF,0
174,Federico Dimarco,DF,5
175,Koffi Djidji,DF,1
176,Berat Djimsiti,DF,0
177,Nicolás Domínguez,MF,1
178,Gianluigi Donnarumma,GK,0
179,Bartłomiej Drągowski,GK,0
180,Denis Drăguș,"FW,MF",0
181,Player,Pos,Gls
182,Radu Drăgușin,DF,0
183,Léo Duarte,DF,0
184,Alfred Duncan,MF,0
185,Alfred Duncan,MF,0
186,Paulo Dybala,FW,4
187,Edin Džeko,FW,7
188,Steeve-Mike Ebongue,MF,0
189,Simone Edera,"DF,MF",0
190,Albin Ekdal,MF,2
191,Elif Elmas,"MF,FW",2
192,Manu Emmanuel Gyabuaa,MF,0
193,Alan Empereur,DF,0
194,Christian Eriksen,MF,3
195,Martin Erlic,DF,3
196,Gonzalo Escalante,MF,0
197,Nahuel Estévez,MF,0
198,Valentin Eysseric,"MF,FW",2
199,Nicolò Fagioli,MF,0
200,Iago Falque,"MF,FW",1
201,Andri Fannar Baldursson,MF,0
202,Paolo Faragò,"DF,MF",0
203,Paolo Faragò,DF,0
204,Davide Faraoni,DF,4
205,Mohamed Fares,DF,0
206,Diego Farias,FW,4
207,Player,Pos,Gls
208,Andrea Favilli,FW,2
209,Federico Fazio,DF,1
210,Luiz Felipe,DF,0
211,Alex Ferrari,DF,0
212,Salvador Ferrer,DF,0
213,Marco Festa,GK,0
214,Fernando Forestieri,"FW,MF",1
215,Daam Foulon,DF,0
216,Gianluca Frabotta,DF,0
217,Remo Freuler,MF,2
218,Daniel Fuzato,GK,0
219,Matteo Gabbia,DF,0
220,Manolo Gabbiadini,FW,3
221,Roberto Gagliardini,MF,3
222,Riccardo Gagliolo,DF,2
223,Adolfo Gaich,FW,2
224,Andrey Galabinov,FW,3
225,Manuel Gasparini,GK,0
226,Gervinho,FW,5
227,Paolo Ghiglione,"DF,MF",0
228,Faouzi Ghoulam,"DF,FW",0
229,Kamil Glik,DF,2
230,Diego Godín,DF,1
231,Amer Gojak,"MF,FW",1
232,Edoardo Goldaniga,DF,0
233,Player,Pos,Gls
234,Vladimir Golemić,DF,2
235,Pierluigi Gollini,GK,0
236,Tomislav Gomelt,MF,0
237,Papu Gómez,"FW,MF",4
238,Robin Gosens,DF,10
239,Alberto Grassi,"MF,DF",0
240,Koray Günter,DF,0
241,Emmanuel Gyasi,FW,4
242,Achraf Hakimi,DF,7
243,Samir Handanović,GK,0
244,Lukáš Haraslín,"FW,MF",0
245,Hans Hateboer,DF,2
246,Eduardo Henrique,MF,1
247,Theo Hernández,DF,7
248,Hernani,MF,7
249,Përparim Hetemaj,MF,0
250,Aaron Hickey,DF,0
251,Wesley Hoedt,DF,0
252,Elseid Hysaj,DF,0
253,Simone Iacoponi,DF,0
254,Roger Ibanez,DF,0
255,Zlatan Ibrahimović,FW,15
256,Igor,DF,0
257,Ivan Ilić,MF,2
258,Josip Iličić,"FW,MF",6
259,Player,Pos,Gls
260,Ciro Immobile,FW,20
261,Riccardo Improta,"MF,DF",1
262,Roberto Inglese,FW,0
263,Lorenzo Insigne,FW,19
264,Roberto Insigne,"MF,FW",2
265,Artur Ioniță,MF,2
266,Ardian Ismajli,DF,1
267,Armando Izzo,DF,2
268,Mato Jajalo,MF,0
269,Jakub Jankto,MF,6
270,Juan Jesus,DF,0
271,Hamed Junior Traorè,"FW,MF",5
272,Musa Juwara,DF,0
273,Nikola Kalinić,FW,2
274,Yayah Kallon,"FW,MF",0
275,Pierre Kalulu,DF,1
276,Yann Karamoh,"FW,MF",2
277,Isaac Karamoko,DF,0
278,Augustus Kargbo,FW,0
279,Rick Karsdorp,DF,1
280,Franck Kessié,MF,13
281,Omar Khailoti,DF,0
282,Simon Kjær,DF,0
283,Ragnar Klavan,DF,0
284,Justin Kluivert,"FW,MF",0
285,Player,Pos,Gls
286,Aleksandr Kokorin,"FW,MF",0
287,Aleksandar Kolarov,DF,0
288,Márk Kosznovszky,MF,0
289,Christian Kouamé,FW,1
290,Kalidou Koulibaly,DF,0
291,Viktor Kovalenko,FW,0
292,Rade Krunić,"MF,FW",1
293,Juraj Kucka,"MF,FW",7
294,Dejan Kulusevski,"MF,FW",4
295,Marash Kumbulla,DF,1
296,Jasmin Kurtić,MF,4
297,Giorgos Kyriakopoulos,DF,1
298,Antonino La Gumina,FW,0
299,Sam Lammers,"FW,MF",2
300,Gianluca Lapadula,FW,8
301,Danilo Larangeira,DF,0
302,Kevin Lasagna,FW,2
303,Kevin Lasagna,FW,2
304,Vincent Laurini,DF,0
305,Darko Lazović,DF,3
306,Manuel Lazzari,DF,2
307,Rafael Leão,FW,6
308,Lucas Leiva,MF,0
309,Lukas Lerager,MF,0
310,Mehdi Léris,"DF,MF",0
311,Player,Pos,Gls
312,Karlo Letica,GK,0
313,Gaetano Letizia,DF,3
314,Matthijs de Ligt,DF,1
315,Karol Linetty,MF,1
316,Pol Lirola,"DF,FW",0
317,Fernando Llorente,"FW,MF",0
318,Fernando Llorente,FW,1
319,Stanislav Lobotka,MF,0
320,Manuel Locatelli,MF,4
321,Maxime Lopez,MF,2
322,Pau López,GK,0
323,Matteo Lovato,DF,0
324,Hirving Lozano,FW,11
325,José Luis Palomino,DF,1
326,Romelu Lukaku,FW,24
327,Saša Lukić,MF,3
328,Senad Lulić,"DF,MF",0
329,Sebastiano Luperto,DF,0
330,Lyanco,DF,0
331,Charalambos Lykogiannis,DF,4
332,Lisandro Magallán,DF,1
333,Christian Maggio,DF,0
334,Giulio Maggiore,MF,3
335,Francesco Magnanelli,MF,0
336,Giangiacomo Magnani,DF,0
337,Player,Pos,Gls
338,Jean-Victor Makengo,MF,0
339,Nikola Maksimović,DF,0
340,Kévin Malcuit,DF,0
341,Kévin Malcuit,"MF,FW",0
342,Daniel Maldini,"FW,MF",0
343,Ruslan Malinovskyi,"FW,MF",8
344,Dennis Man,"FW,MF",2
345,Gianluca Mancini,DF,4
346,Rolando Mandragora,MF,0
347,Rolando Mandragora,MF,3
348,Mario Mandžukić,FW,0
349,Niccolò Manfredini,GK,0
350,Kostas Manolas,DF,0
351,Juan Manuel Ramos,DF,0
352,Federico Marchetti,GK,0
353,Riccardo Marchizza,DF,0
354,Gian Marco Ferrari,DF,0
355,Răzvan Marin,MF,3
356,Marlon,DF,0
357,Luca Marrone,DF,0
358,Lucas Martínez Quarta,DF,1
359,Lautaro Martínez,FW,17
360,Adam Marušić,DF,2
361,Andrea Masiello,DF,0
362,Giuseppe Mastinu,"FW,MF",0
363,Player,Pos,Gls
364,Ryder Matos,MF,0
365,Federico Mattiello,DF,0
366,Borja Mayoral,FW,10
367,Antonio Mazzotta,DF,0
368,Ibrahima Mbaye,DF,1
369,Weston McKennie,MF,5
370,Gary Medel,"DF,MF",0
371,Soualiho Meïté,MF,1
372,Soualiho Meïté,MF,0
373,Filippo Melegoni,"MF,DF",0
374,Arthur Melo,MF,1
375,Alex Meret,GK,0
376,Yıldırım Mert Çetin,DF,0
377,Dries Mertens,"FW,MF",9
378,Junior Messias,"MF,FW",9
379,Petar Mićin,MF,0
380,Valentin Mihaila,"FW,MF",3
381,Nikola Milenković,DF,3
382,Sergej Milinković-Savić,MF,8
383,Vanja Milinković-Savić,GK,0
384,Vincenzo Millico,"FW,MF",0
385,Aleksei Miranchuk,"FW,MF",4
386,Antonio Mirante,GK,0
387,Henrikh Mkhitaryan,"FW,MF",13
388,Johan Mojica,"DF,FW",0
389,Player,Pos,Gls
390,Nahuel Molina,DF,2
391,Salvatore Molina,"MF,DF",1
392,Gabriele Moncini,FW,0
393,Cristóbal Montiel,"DF,FW",0
394,Lorenzo Montipò,GK,0
395,Luca Mora,"MF,FW",0
396,Álvaro Morata,FW,11
397,Raúl Moro,MF,0
398,Mert Müldür,DF,0
399,Luis Muriel,FW,22
400,Vedat Muriqi,FW,1
401,Nicola Murru,DF,0
402,Mateo Musacchio,DF,0
403,Mateo Musacchio,DF,0
404,Juan Musso,GK,0
405,Joakim Mæhle,DF,0
406,Radja Nainggolan,MF,0
407,Radja Nainggolan,MF,1
408,Nahitan Nández,"MF,DF",2
409,Ilija Nestorovski,"FW,MF",2
410,Nicolas Nkoulou,DF,1
411,Bram Nuytinck,DF,1
412,Simeon Nwankwo,FW,20
413,M'Bala Nzola,FW,11
414,Pedro Obiang,MF,0
415,Player,Pos,Gls
416,Brain Oddei,"FW,MF",0
417,Stefano Okaka,FW,4
418,Christian Oliva,MF,0
419,Maximiliano Olivera,DF,0
420,Jérôme Onguéné,DF,0
421,Riccardo Orsolini,"FW,MF",7
422,Victor Osimhen,FW,10
423,Yordan Osorio,DF,0
424,David Ospina,GK,0
425,Adam Ounas,"FW,MF",4
426,Adam Ounas,"MF,FW",0
427,Thomas Ouwejan,DF,0
428,Daniele Padelli,GK,0
429,Mattia Pagliuca,MF,0
430,Rodrigo Palacio,FW,5
431,Alberto Paleari,GK,0
432,Antonio Palumbo,MF,0
433,Martin Palumbo,MF,0
434,Goran Pandev,"FW,MF",7
435,Ivor Pandur,GK,0
436,Vittorio Parigini,"FW,DF",0
437,Marco Parolo,"DF,MF",0
438,Mario Pašalić,"MF,FW",6
439,Christian Pastina,DF,0
440,Javier Pastore,"FW,MF",0
441,Player,Pos,Gls
442,Patric,DF,0
443,Leonardo Pavoletti,FW,4
444,Nehuén Paz,DF,1
445,Pedro,"FW,MF",5
446,João Pedro,"FW,MF",16
447,Gianluca Pegolo,GK,0
448,Graziano Pellè,FW,1
449,Lorenzo Pellegrini,"MF,FW",7
450,Luca Pellegrini,"DF,MF",0
451,Federico Peluso,DF,0
452,Andreas Pereira,"MF,FW",1
453,Pedro Pereira,DF,0
454,Gastón Pereiro,"MF,FW",2
455,Bruno Peres,DF,1
456,Roberto Pereyra,"MF,FW",5
457,Carles Pérez,"FW,MF",2
458,Mattia Perin,GK,0
459,Ivan Perišić,"DF,FW",4
460,Matteo Pessina,MF,2
461,Andrea Petagna,FW,4
462,Jacopo Petriccione,MF,0
463,Jens Petter Hauge,"FW,MF",2
464,Germán Pezzella,DF,1
465,Giuseppe Pezzella,DF,1
466,Cristiano Piccini,DF,0
467,Player,Pos,Gls
468,Roberto Piccoli,FW,5
469,Andrea Pinamonti,FW,1
470,Carlo Pinsoglio,GK,0
471,Fabio Pisacane,DF,0
472,Marko Pjaca,"FW,MF",3
473,Tommaso Pobega,MF,6
474,Andrea Poli,MF,1
475,Matteo Politano,FW,9
476,Manolo Portanova,"FW,MF",0
477,Manolo Portanova,"DF,MF",0
478,Ivan Provedel,GK,0
479,Erick Pulgar,MF,1
480,Ignacio Pussetto,FW,3
481,Fabio Quagliarella,FW,13
482,Simone Rabbi,FW,0
483,Adrien Rabiot,MF,4
484,Ivan Radovanović,"DF,MF",0
485,Ionuț Radu,GK,0
486,Ștefan Radu,DF,0
487,Rafael,GK,0
488,Antonio Raimondo,FW,0
489,Gastón Ramírez,"MF,FW",0
490,Aaron Ramsey,MF,2
491,Andrea Ranocchia,DF,0
492,Giacomo Raspadori,"FW,MF",6
493,Player,Pos,Gls
494,Federico Ravaglia,GK,0
495,Ante Rebić,FW,11
496,Arkadiusz Reca,DF,2
497,Vasco Regini,DF,0
498,Pepe Reina,GK,0
499,Bryan Reynolds,DF,0
500,Franck Ribéry,FW,2
501,Federico Ricci,FW,0
502,Giacomo Ricci,DF,0
503,Matteo Ricci,MF,0
504,Tomás Rincón,MF,1
505,Andrea Rispoli,DF,0
506,Emmanuel Rivière,"FW,MF",1
507,Ricardo Rodríguez,DF,0
508,Marko Rog,MF,0
509,Rogério,DF,0
510,Luis Rojas,"MF,FW",0
511,Alessio Romagnoli,DF,1
512,Cristian Romero,DF,2
513,Cristiano Ronaldo,FW,29
514,Marten de Roon,MF,1
515,Nicolò Rovella,MF,0
516,Amir Rrahmani,DF,1
517,Kevin Rüegg,"DF,MF",0
518,Daniele Rugani,DF,1
519,Player,Pos,Gls
520,Matteo Ruggeri,DF,0
521,Mário Rui,DF,0
522,Fabián Ruiz Peña,MF,3
523,Alexis Saelemaekers,FW,2
524,Jacopo Sala,DF,0
525,Eddie Salcedo,"FW,MF",2
526,Antonio Sanabria,FW,5
527,Alexis Sánchez,FW,7
528,Alex Sandro,DF,2
529,Siriki Sanogo,MF,0
530,Nicola Sansone,"FW,MF",2
531,Federico Santander,FW,0
532,Davide Santon,DF,0
533,Samir Santos,DF,1
534,Riccardo Saponara,"FW,MF",0
535,Riccardo Saponara,"FW,MF",2
536,Marco Sau,"MF,FW",4
537,Gianluca Scamacca,FW,8
538,Nicolás Schiappacasse,MF,0
539,Pasquale Schiattarella,MF,1
540,Jerdy Schouten,MF,1
541,Matteo Scozzarella,MF,0
542,Simone Scuffet,GK,0
543,Jacopo Segre,MF,0
544,Léo Sena,MF,0
545,Player,Pos,Gls
546,Stefano Sensi,MF,0
547,Luigi Sepe,GK,0
548,Stephan El Shaarawy,"FW,MF",1
549,Eldor Shomurodov,FW,8
550,Luca Siligardi,"FW,MF",0
551,Luca Siligardi,MF,0
552,Adrien Silva,MF,1
553,Marco Silvestri,GK,0
554,Giovanni Simeone,FW,6
555,Wilfried Singo,DF,1
556,Salvatore Sirigu,GK,0
557,Łukasz Skorupski,GK,0
558,Andreas Skov Olsen,"FW,DF",2
559,Milan Škriniar,DF,3
560,Chris Smalling,DF,0
561,Simon Sohm,MF,1
562,Roberto Soriano,MF,9
563,Riccardo Sottil,"MF,FW",2
564,Adama Soumaoro,DF,1
565,Leonardo Spinazzola,DF,2
566,Marco Sportiello,GK,0
567,Mattia Sprocati,FW,0
568,Thomas Strakosha,GK,0
569,Kevin Strootman,MF,0
570,Jens Stryger Larsen,DF,2
571,Player,Pos,Gls
572,Stefano Sturaro,MF,0
573,Stefano Sturaro,MF,1
574,Bosko Sutalo,DF,0
575,Mattias Svanberg,MF,5
576,Wojciech Szczęsny,GK,0
577,Adrien Tameze,MF,1
578,Ciprian Tătărușanu,GK,0
579,Andrés Tello,"MF,DF",1
580,Hidde ter Avest,DF,0
581,Pietro Terracciano,GK,0
582,Claudio Terzi,DF,1
583,Morten Thorsby,MF,3
584,Jeremy Toljan,DF,0
585,Rafael Tolói,DF,2
586,Takehiro Tomiyasu,DF,2
587,Fikayo Tomori,DF,1
588,Sandro Tonali,MF,0
589,Lorenzo Tonelli,DF,1
590,Ernesto Torregrossa,FW,1
591,Mattéo Tramoni,"FW,MF",0
592,Chaka Traorè,"FW,MF",0
593,Alessandro Tripaldelli,DF,0
594,Alessandro Tuia,DF,1
595,Ľubomír Tupta,MF,0
596,Iyenoma Udogie,"DF,MF",0
597,Player,Pos,Gls
598,Samir Ujkani,GK,0
599,Kacper Urbanski,MF,0
600,Lautaro Valenti,DF,0
601,Borja Valero,"MF,FW",0
602,Denis Vavro,DF,0
603,Matías Vecino,MF,1
604,Miguel Veloso,MF,2
605,Lorenzo Venuti,DF,0
606,Daniele Verde,FW,6
607,Simone Verdi,"MF,FW",1
608,Jordan Veretout,MF,10
609,Edoardo Vergani,FW,0
610,Valerio Verre,MF,3
611,Guglielmo Vicario,GK,0
612,Arturo Vidal,MF,1
613,Ronaldo Vieira,"MF,DF",0
614,Luca Vignali,DF,0
615,Emanuel Vignato,"FW,MF",1
616,Gonzalo Villar,MF,0
617,Nicolas Viola,MF,5
618,Dušan Vlahović,FW,21
619,Mërgim Vojvoda,DF,2
620,Stefan de Vrij,DF,1
621,Giacomo Vrioni,MF,0
622,Miloš Vulić,MF,1
623,Player,Pos,Gls
624,Walace,MF,0
625,Sebastian Walukiewicz,DF,0
626,Maya Yoshida,DF,1
627,Ashley Young,DF,1
628,Mattia Zaccagni,"MF,FW",5
629,Vasilios Zagaritis,DF,0
630,Miha Zajc,MF,1
631,Nicola Zalewski,MF,0
632,Niccolò Zanellato,MF,1
633,Cristián Zapata,DF,0
634,Duván Zapata,FW,15
635,Gabriele Zappa,DF,0
636,Davide Zappacosta,DF,4
637,Simone Zaza,FW,6
638,Marvin Zeegelaar,DF,1
639,Piotr Zieliński,MF,8
640,Joshua Zirkzee,"FW,MF",0
641,Jeroen Zoet,GK,0
642,Filip Đuričić,"MF,FW",5
0,Sabit Abdulai,MF,0
1,Marcos Acuña,DF,1
2,Bobby Adekanye,"FW,MF",0
3,Martin Agirregabiria,"DF,MF",0
4,Joseph Aidoo,DF,0
5,Carlos Akapo,DF,1
6,Paul Akouokou,MF,0
7,Jony Álamo,MF,0
8,Jordi Alba,DF,3
9,Raúl Albiol,DF,0
10,Paco Alcácer,FW,6
11,Pedro Alcalá,DF,0
12,Rubén Alcaraz,MF,1
13,Iván Alejo,"MF,FW",1
14,Carles Aleñá,"MF,FW",2
15,Carles Aleñá,MF,0
16,Alfon,MF,0
17,Sergio Álvarez,"MF,DF",0
18,Yeray Álvarez,DF,1
19,Emmanuel Amankwaa Akurugu,DF,0
20,Jon Ander Garrido,MF,0
21,Ángel,GK,0
22,Miguel Ángel Rubio,DF,0
23,José Ángel,DF,0
24,José Antonio Miranda,"MF,DF",0
25,Player,Pos,Gls
26,Aritz Arambarri,DF,0
27,Mauro Arambarri,MF,3
28,Néstor Araujo,DF,0
29,Ronald Araújo,DF,2
30,Anaitz Arbilla,DF,0
31,Unai Arietaleanizbeaskoa,"FW,MF",0
32,Sergio Arribas,"FW,DF",0
33,Sergio Asenjo,GK,0
34,Marco Asensio,"FW,MF",5
35,Iago Aspas,FW,14
36,Miguel Atienza,MF,0
37,Ezequiel Ávila,"MF,FW",0
38,Ramon Azeez,"MF,DF",0
39,Carlos Bacca,FW,5
40,Édgar Badía,GK,0
41,Alex Baena,MF,0
42,Miguel Baeza,"MF,FW",1
43,Mikel Balenziaga,DF,0
44,Barcia,DF,0
45,Enis Bardhi,"MF,FW",1
46,Kike Barja,"MF,FW",2
47,Marc Baró,DF,0
48,Antonio Barragán,DF,0
49,Ander Barrenetxea,"MF,FW",3
50,Marc Bartra,DF,0
51,Player,Pos,Gls
52,Álvaro Bastida,MF,0
53,Rodrigo Battaglia,MF,1
54,Jon Bautista,"FW,MF",0
55,Fran Beltrán,MF,3
56,Sergio Benito,FW,0
57,Karim Benzema,FW,23
58,Yuri Berchiche,DF,1
59,Álex Berenguer,"MF,FW",8
60,Pedro Bigas,DF,0
61,Blanco,"MF,DF",0
62,Alejandro Blanco,MF,1
63,Rubén Blanco,GK,0
64,Alejandro Blesa,MF,0
65,Yann Bodiger,MF,0
66,Yassine Bounou,GK,1
67,Lucas Boyé,FW,7
68,Martin Braithwaite,FW,2
69,Darko Brašanac,MF,2
70,Álvaro Bravo,MF,0
71,Claudio Bravo,GK,0
72,Yan Brice Eteki,MF,0
73,Juan Brunet,MF,0
74,Bryan,"MF,FW",4
75,Bryan,FW,0
76,Ante Budimir,FW,11
77,Player,Pos,Gls
78,Esteban Burgos,DF,3
79,Burgui,MF,0
80,Sergio Busquets,MF,0
81,Erick Cabaco,DF,0
82,Cala,DF,3
83,Jonathan Calleri,FW,5
84,Dani Calvo,DF,2
85,José Campaña,MF,1
86,Sergio Canales,"MF,FW",8
87,Álex Cantero,FW,0
88,Ander Capa,DF,2
89,Étienne Capoue,MF,1
90,Isaac Carcelen,DF,0
91,Cárdenas,GK,0
92,Marc Cardona,"FW,MF",0
93,Diego Carlos,DF,1
94,Juan Carlos,"MF,FW",0
95,Yannick Carrasco,"DF,MF",6
96,Sergio Carreira,DF,1
97,Guido Carrillo,FW,3
98,Dani Carvajal,DF,0
99,William Carvalho,MF,2
100,Casemiro,MF,6
101,Sofian Chakla,DF,0
102,Sofian Chakla,DF,0
103,Player,Pos,Gls
104,Chema,"DF,MF",0
105,Denis Cheryshev,MF,0
106,Samuel Chukwueze,"MF,FW",4
107,Víctor Chust,DF,0
108,Cifu,DF,0
109,Alberto Cifuentes,GK,0
110,Jasper Cillessen,GK,0
111,Carlos Clerc,DF,0
112,Coke,DF,0
113,Francis Coquelin,MF,0
114,Iñigo Córdoba,"FW,MF",0
115,Iñigo Córdoba,MF,0
116,Ángel Correa,"FW,MF",9
117,Rober Correa,DF,0
118,Thierry Correia,DF,1
119,Diego Costa,FW,2
120,Jaume Costa,"DF,MF",0
121,Thibaut Courtois,GK,0
122,Philippe Coutinho,"MF,FW",2
123,Juan Cruz Armada,DF,0
124,Sergio Cubero Ezcurra,MF,0
125,Cucho,"FW,MF",2
126,Marc Cucurella,MF,3
127,Patrick Cutrone,FW,0
128,Moussa Dembélé,"FW,MF",0
129,Player,Pos,Gls
130,Ousmane Dembélé,"FW,DF",6
131,Sergiño Dest,DF,2
132,Deyverson,FW,1
133,Abdoulay Diaby,MF,0
134,Mouctar Diakhaby,DF,1
135,Víctor Díaz,DF,0
136,Papakouli Diop,MF,1
137,Djené,DF,0
138,Marko Dmitrović,GK,1
139,Jaume Doménech,GK,0
140,Carlos Dominguez,DF,0
141,John Donald,"DF,FW",0
142,Cheick Doukouré,MF,0
143,Idrissa Doumbia,MF,0
144,Domingos Duarte,DF,1
145,Óscar Duarte,DF,1
146,Rubén Duarte,DF,1
147,Unai Dufur,DF,0
148,Hugo Duro,FW,0
149,Aritz Elustondo,DF,1
150,Rodrigo Ely,DF,1
151,Emerson,DF,1
152,Youssef En-Nesyri,FW,18
153,Sergi Enrich,FW,3
154,Aarón Escandell,GK,0
155,Player,Pos,Gls
156,Dani Escriche,"FW,MF",1
157,Sergio Escudero,DF,1
158,Alfonso Espino,DF,0
159,Vicente Esquerdo,MF,0
160,Pervis Estupiñán,DF,0
161,Xabier Etxeita,DF,0
162,Edu Expósito,MF,0
163,Jokin Ezkieta,GK,0
164,Fali,"DF,MF",0
165,Ansu Fati,FW,4
166,Nabil Fekir,"MF,FW",5
167,Felipe,DF,0
168,João Félix,"FW,MF",7
169,Aitor Fernández,GK,0
170,Álex Fernández,MF,4
171,Álvaro Fernández,GK,0
172,Andrés Fernández,GK,0
173,Augusto Fernández,MF,0
174,Carlos Fernández,"FW,MF",1
175,Carlos Fernández,FW,0
176,Joaquín Fernández,DF,1
177,Fernando,MF,3
178,David Ferreiro,"MF,FW",2
179,Facundo Ferreyra,FW,1
180,Fidel,"MF,DF",6
181,Player,Pos,Gls
182,Junior Firpo,DF,1
183,Kingsley Fobi,DF,0
184,Ramón Folch,MF,0
185,José Fontán,DF,0
186,Dimitri Foulquier,DF,0
187,Juan Foyth,"DF,MF",0
188,Jorge de Frutos,"MF,FW",4
189,Ramiro Funes Mori,DF,0
190,Javi Galán,DF,1
191,Enric Gallego,FW,0
192,Kévin Gameiro,FW,4
193,Aleix García,MF,0
194,Borja García,"MF,FW",1
195,Dani García,MF,0
196,David García,DF,1
197,Manu García,MF,0
198,Raúl García,"DF,MF",1
199,Raúl García,"FW,MF",5
200,Rubén García,"MF,FW",3
201,Sergi García,MF,0
202,Unai García,DF,0
203,Mario Gaspar,DF,0
204,Paulo Gazzaniga,GK,0
205,David Gil,GK,0
206,Álvaro Giménez,"FW,MF",2
207,Player,Pos,Gls
208,Dani Gómez,FW,2
209,Ibai Gómez,MF,0
210,Maxi Gómez,FW,7
211,Moi Gómez,"MF,FW",4
212,Papu Gómez,"MF,FW",3
213,Sergi Gómez,DF,0
214,Sergio Gómez,"MF,FW",0
215,Maxime Gonalons,MF,0
216,Bruno González,DF,1
217,Diego González,DF,1
218,Sergio González,"MF,DF",0
219,Urko González,MF,0
220,Andoni Gorosabel,DF,0
221,Antoine Griezmann,"FW,MF",13
222,Andrés Guardado,MF,1
223,Sergi Guardiola,FW,1
224,Nemanja Gudelj,"MF,DF",0
225,Gonçalo Guedes,"MF,FW",5
226,Ander Guevara,MF,1
227,John Guidetti,"FW,MF",1
228,Hugo Guillamón,DF,1
229,Jon Guridi,MF,0
230,Raúl Guti,MF,3
231,Marcos Mauro López Gutiérrez,DF,2
232,Miguel Gutiérrez,DF,0
233,Player,Pos,Gls
234,Munir El Haddadi,FW,4
235,Eden Hazard,"FW,MF",3
236,Mario Hermoso,DF,1
237,Aridane Hernández,DF,0
238,Héctor Herrera,MF,0
239,Sergio Herrera,GK,0
240,Yangel Herrera,MF,3
241,Pablo Hervías,"DF,MF",0
242,Jordan Holsgrove,MF,0
243,Vicente Iborra,MF,0
244,Oussama Idrissi,"FW,MF",0
245,Iglesias,"DF,MF",0
246,Borja Iglesias,FW,11
247,Asier Illarramendi,MF,0
248,Pablo Insua,DF,0
249,Takashi Inui,"MF,FW",1
250,Alexander Isak,FW,17
251,Isco,"MF,FW",0
252,Jairo Izquierdo,"MF,DF",1
253,Saidy Janko,DF,0
254,Adnan Januzaj,"FW,MF",4
255,Jason,"MF,DF",0
256,Luis Javier Suárez,"FW,MF",5
257,Joaquín,"FW,MF",2
258,John Joe,"MF,DF",0
259,Player,Pos,Gls
260,Frenkie de Jong,"MF,DF",3
261,Luuk de Jong,FW,4
262,Jony,"MF,FW",0
263,Joan Jordán,MF,1
264,Josan,"MF,DF",4
265,Willian José,FW,3
266,Joselu,FW,11
267,Josema,DF,0
268,Jota,MF,0
269,Jota,"MF,FW",1
270,Luka Jović,"FW,MF",0
271,Juanmi,"FW,MF",2
272,Vinicius Júnior,FW,3
273,Jens Jønsson,MF,0
274,Damian Kądzior,"FW,MF",0
275,Lee Kangin,"FW,MF",0
276,Stephane Keller,DF,0
277,Kenedy,"FW,MF",4
278,Kike,FW,12
279,Giorgi Kochorashvili,MF,0
280,Kenan Kodro,"FW,MF",1
281,Kenan Kodro,"FW,MF",0
282,Koba Koindredi,MF,0
283,Koke,MF,1
284,Geoffrey Kondogbia,"MF,FW",0
285,Player,Pos,Gls
286,Geoffrey Kondogbia,MF,0
287,Youssouf Koné,"DF,FW",0
288,Jules Koundé,DF,2
289,Toni Kroos,MF,3
290,Takefusa Kubo,"MF,FW",1
291,Takefusa Kubo,"MF,FW",0
292,Kuki,MF,0
293,Víctor Laguardia,DF,0
294,Diego Lainez,FW,0
295,Toni Lato,DF,1
296,Lauti,"MF,FW",0
297,Robin Le Normand,DF,0
298,Jeremías Ledesma,GK,0
299,Florian Lejeune,DF,1
300,Iñigo Lekue,DF,0
301,Thomas Lemar,"MF,FW",1
302,Clément Lenglet,DF,1
303,Pedro León,"MF,FW",1
304,Sergio León,FW,2
305,Diego Llorente,DF,0
306,Marcos Llorente,"MF,DF",12
307,Renan Lodi,DF,1
308,Pedro López Muñoz,DF,0
309,Adrián López,"FW,MF",1
310,Javi López,"DF,MF",0
311,Player,Pos,Gls
312,Roberto López,"MF,FW",3
313,Unai López,MF,3
314,Anthony Lozano,"FW,MF",3
315,Jeison Lucumí,"FW,MF",0
316,José Luis Gayà,DF,1
317,José Luis Morales,"FW,MF",13
318,Luisinho,DF,0
319,Luismi,"MF,DF",0
320,Darwin Machís,"FW,MF",4
321,Pablo Maffeo,DF,1
322,Abdallahi Mahmoud,MF,0
323,Nemanja Maksimović,MF,1
324,Filip Malbašić,"FW,MF",0
325,Hugo Mallo,DF,3
326,Mickael Malsa,MF,1
327,Aïssa Mandi,DF,3
328,Eliaquim Mangala,DF,0
329,Maranhão,FW,4
330,Marcelo,DF,0
331,Iván Marcone,MF,0
332,Óscar de Marcos,"DF,MF",1
333,José Mari,MF,1
334,José María Giménez,DF,0
335,Mariano,FW,1
336,Adrián Marín,"DF,FW",0
337,Player,Pos,Gls
338,Adrián Marín,"DF,MF",0
339,Roger Martí,FW,12
340,Aarón Martín,DF,0
341,Álex Martín,DF,0
342,Iñigo Martínez,DF,1
343,Javi Martínez,"MF,FW",1
344,Marvin,"DF,FW",0
345,Jordi Masip,GK,0
346,Jaime Mata,FW,5
347,Borja Mayoral,FW,0
348,Gonzalo Melero,"MF,FW",7
349,Brais Méndez,"MF,FW",9
350,Édgar Méndez,"MF,FW",5
351,Eñaut Mendía,FW,0
352,Ferland Mendy,DF,1
353,Mikel Merino,MF,2
354,Martín Merquelanz,"FW,MF",0
355,Roque Mesa,MF,1
356,Lionel Messi,"FW,MF",30
357,Omenuke Mfulu,MF,0
358,Míchel,MF,2
359,Éder Militão,DF,1
360,Luis Milla,MF,1
361,Pere Milla,"FW,MF",4
362,Álex Millán,FW,0
363,Player,Pos,Gls
364,Santi Mina,FW,12
365,Óscar Mingueza,DF,2
366,Rafa Mir,FW,13
367,Jorge Miramón,DF,0
368,Juan Miranda,DF,1
369,Luka Modrić,MF,5
370,Johan Mojica,DF,0
371,Guillem Molina,DF,0
372,Jorge Molina,"FW,MF",8
373,Victor Mollejo,"MF,DF",0
374,Jon Moncayola,MF,2
375,Nacho Monreal,DF,1
376,Ángel Montoro,MF,1
377,Martín Montoya,DF,0
378,Emre Mor,"FW,MF",0
379,Jon Morcillo,"MF,FW",2
380,Alberto Moreno,DF,0
381,Álex Moreno,DF,0
382,Gerard Moreno,"FW,MF",23
383,Tete Morente,"MF,FW",2
384,Ilaix Moriba,MF,1
385,Loren Morón,"FW,MF",1
386,Pedro Mosquera,MF,0
387,Javi Moyano,DF,0
388,Iker Muniain,"MF,FW",5
389,Player,Pos,Gls
390,Aihen Muñoz,DF,0
391,Joaquín Muñoz,FW,0
392,Jeison Murillo,DF,2
393,Yunus Musah,MF,1
394,Yoshinori Mutō,"FW,MF",1
395,Nacho,DF,1
396,Nacho,DF,0
397,Nano,FW,0
398,Roberto Navarro,MF,0
399,Ximo Navarro,DF,1
400,Jesús Navas,DF,0
401,Raúl Navas,DF,0
402,Álvaro Negredo,FW,8
403,Neto,GK,0
404,Carlos Neva,DF,0
405,Mamor Niang,"FW,MF",0
406,Nieto,"FW,MF",0
407,Saúl Ñíguez,"MF,DF",2
408,Nino,"MF,FW",0
409,Fernando Niño,FW,3
410,Nolito,"MF,FW",7
411,Unai Núñez,DF,1
412,Kelechi Nwakali,"MF,FW",0
413,Allan Nyom,"MF,DF",0
414,Jan Oblak,GK,0
415,Player,Pos,Gls
416,Lucas Ocampos,FW,5
417,Álvaro Odriozola,DF,2
418,Shinji Okazaki,"FW,MF",1
419,Lucas Olaza,DF,1
420,Lucas Olaza,DF,0
421,Christian Oliva,MF,0
422,Kiko Olivas,"DF,MF",0
423,Paulo Oliveira,DF,0
424,Mathías Olivera,DF,0
425,Javier Ontiveros,"FW,MF",2
426,Fabián Orellana,"MF,FW",6
427,Mikel Oyarzabal,"FW,MF",11
428,Fernando Pacheco,GK,0
429,Jon Pacheco,DF,0
430,Helibelton Palacios,DF,0
431,Ante Palaversa,MF,0
432,Daniel Parejo,MF,3
433,Thomas Partey,MF,0
434,Gabriel Paulista,DF,4
435,Alfonso Pedraza,DF,1
436,Pedri,MF,3
437,Facundo Pellistri,"MF,FW",0
438,Rubén Peña,"DF,MF",1
439,Pepe,DF,0
440,Alberto Perea,MF,2
441,Player,Pos,Gls
442,Iñigo Pérez,"MF,DF",0
443,Juan Pérez,GK,0
444,Kike Pérez,MF,0
445,Lucas Pérez,FW,4
446,Luis Pérez,DF,0
447,Nehuén Pérez,DF,0
448,Pablo Piatti,"MF,FW",0
449,Cristiano Piccini,DF,0
450,Tomás Pina Isla,MF,1
451,Yeremi Pino,"FW,MF",3
452,Gerard Piqué,DF,0
453,Miralem Pjanić,MF,0
454,Óscar Plano,"MF,FW",5
455,Dani Plomer,FW,0
456,Jorge Pombo,"FW,MF",1
457,Pere Pons,MF,2
458,Francisco Portillo,"MF,FW",0
459,Portu,"FW,MF",8
460,Sergio Postigo,DF,0
461,Darío Poveda,FW,0
462,Alejandro Pozo Pozo,"DF,MF",0
463,Antonio Puertas,"FW,MF",3
464,Riqui Puig,MF,1
465,Jorge Pulido,DF,1
466,Domingos Quina,MF,2
467,Player,Pos,Gls
468,Quini,DF,1
469,Quique,"FW,MF",0
470,Dani Raba,MF,0
471,Uroš Račić,MF,1
472,Nemanja Radoja,MF,0
473,Ivan Rakitić,MF,4
474,Jonás Ramalho,DF,0
475,Sandro Ramírez,"FW,MF",5
476,Sergio Ramos,DF,2
477,Recio,MF,1
478,Francisco Reis Ferreira,DF,0
479,Karim Rekik,DF,0
480,Álex Remiro,GK,0
481,Oriol Rey,MF,0
482,Ricard,DF,0
483,Mikel Rico,MF,1
484,Emiliano Rigoni,"MF,FW",1
485,Luis Rioja,"MF,DF",4
486,Rober,"DF,MF",0
487,Roberto,GK,0
488,Sergi Roberto,"DF,MF",1
489,Joel Robles,GK,0
490,Rubén Rochina,MF,0
491,Rodrigo,"FW,MF",0
492,Kévin Rodrigues,"MF,DF",1
493,Player,Pos,Gls
494,Óscar Rodríguez Arnaiz,"MF,FW",0
495,Ángel Rodríguez,"FW,MF",5
496,Guido Rodríguez,MF,1
497,Miguel Rodríguez,"FW,MF",0
498,Víctor Rodríguez,MF,0
499,Rodrygo,FW,1
500,Facundo Roncaglia,DF,1
501,Rubén,"GK,MF",0
502,Waldo Rubio,"FW,MF",1
503,Aitor Ruibal,"FW,MF",2
504,Isma Ruiz,MF,0
505,Víctor Ruiz,DF,2
506,Gerónimo Rulli,GK,0
507,Modibo Sagnan,"DF,MF",0
508,Borja Sainz,"MF,FW",1
509,Salvi,"MF,FW",2
510,Fede San Emeterio,MF,0
511,Antonio Sanabria,FW,3
512,Oihan Sancet,"FW,MF",2
513,Juan Sánchez Miño,"DF,MF",0
514,Germán Sánchez,DF,3
515,Javi Sánchez,DF,0
516,Manuel Sánchez,DF,0
517,Manuel Sánchez,DF,0
518,Oier Sanjurjo,MF,0
519,Player,Pos,Gls
520,Ivan Šaponjić,FW,1
521,Stefan Savić,DF,1
522,Jaime Seoane,MF,1
523,Edgar Sevikyan,MF,0
524,Sidnei,DF,0
525,David Silva,MF,2
526,Gastón Silva,DF,0
527,Rui Silva,GK,0
528,Unai Simón,GK,0
529,Dimitris Siovas,DF,2
530,Antonio Sivera,GK,0
531,Rafa Soares,DF,0
532,Rubén Sobrino,"FW,MF",1
533,Rubén Sobrino,"MF,FW",0
534,Augusto Solari,MF,2
535,Roberto Soldado,FW,9
536,Carlos Soler,MF,11
537,Son,"DF,MF",0
538,David Soria,GK,0
539,Alberto Soro,"FW,MF",1
540,Hugo Sotelo,MF,0
541,Damián Suárez,DF,1
542,Denis Suárez,MF,0
543,Luis Suárez,FW,21
544,Suso,FW,3
545,Player,Pos,Gls
546,Tachi,DF,0
547,Renato Tapia,MF,0
548,Tomás Tavares,"MF,DF",0
549,Álvaro Tejero,DF,0
550,Cristian Tello,"FW,MF",5
551,Marc-André ter Stegen,GK,0
552,David Timor,"MF,DF",0
553,Toño,DF,0
554,Lucas Torreira,"MF,FW",1
555,Óliver Torres,"MF,FW",0
556,Pau Torres,DF,2
557,Roberto Torres,"MF,FW",7
558,Lucas Torró,MF,0
559,Manu Trigueros,MF,1
560,Francisco Trincão,"FW,MF",3
561,Kieran Trippier,DF,0
562,Samuel Umtiti,DF,0
563,Enes Ünal,FW,4
564,Tomáš Vaclík,GK,0
565,Eugeni Valderrama,"FW,MF",0
566,Jesús Vallejo,DF,0
567,Manu Vallejo,"FW,MF",5
568,Federico Valverde,MF,3
569,Raphaël Varane,DF,2
570,Denis Vavro,DF,0
571,Player,Pos,Gls
572,Franco Vázquez,"FW,MF",1
573,Kevin Vázquez,DF,0
574,Lucas Vázquez,"DF,FW",2
575,Koke Vegas,GK,0
576,Gabriel Veiga,"MF,DF",0
577,Unai Vencedor Paris,MF,0
578,Gonzalo Verdú,DF,0
579,Mikel Vesga,MF,0
580,Rúben Vezo,DF,1
581,Iñigo Vicente,"FW,MF",0
582,Fede Vico,"MF,FW",0
583,Aleix Vidal,DF,0
584,Nacho Vidal,DF,0
585,Toni Villa,"MF,FW",2
586,Asier Villalibre,FW,4
587,Iván Villar,GK,0
588,Vitolo,"MF,FW",0
589,Šime Vrsaljko,DF,0
590,Nikola Vukčević,MF,0
591,Daniel Wass,"MF,DF",4
592,Shon Weissman,FW,6
593,Iñaki Williams,FW,6
594,Nico Williams,MF,0
595,Jawad El Yamiq,DF,0
596,Rubén Yáñez,GK,0
597,Player,Pos,Gls
598,Yoel,GK,0
599,Okay Yokuşlu,MF,0
600,Joseba Zaldúa,DF,0
601,Oier Zarraga,MF,0
602,Igor Zubeldia,DF,1
603,Martín Zubimendi,MF,0
604,Martin Ødegaard,"MF,FW",0
